id,Predicted
15289,4398.599454372426
15290,5805.315531478407
15291,7317.516768129055
15292,4932.3354701791195
15293,3789.9276734940963
15294,5232.0805767502125
15295,7146.713888502163
15296,6322.266620668832
15297,8305.162620811565
15298,4380.38016160012
15299,5914.112436008838
15300,5939.962339729924
15301,5830.655275839762
15302,5484.99351094292
15303,5102.029279442703
15304,4877.870148824604
15305,4891.56001453999
15306,6321.559256584119
15307,5121.0056181850705
15308,5931.758578755155
15309,6065.265432023068
15310,7427.900114241714
15311,5723.254048410973
15312,5410.956239278015
15313,6373.161841716169
15314,4993.505292165596
15315,4398.523884608122
15316,7779.10961035573
15317,5836.543991031214
15318,7745.031374382606
15319,7998.057266654997
15320,7087.107983105196
15321,6606.418769305237
15322,2575.591578969453
15323,5923.197701469774
15324,2575.591578969453
15325,7753.452739477172
15326,6039.087757932587
15327,4395.841824207534
15328,7713.465135115048
15329,7489.267553382619
15330,5199.823978181175
15331,5995.843103074059
15332,6870.691200089897
15333,6324.159640092096
15334,5628.66111876072
15335,7828.820873370305
15336,4459.675797639122
15337,7586.582961518987
15338,6807.621902573088
15339,5410.956239278015
15340,6663.840051799262
15341,5722.92835605147
15342,5250.770641870333
15343,6429.538519741541
15344,6039.9944999282
15345,4528.628068060507
15346,6076.1316471371565
15347,6220.999218422683
15348,5641.384836777864
15349,6512.47191037923
15350,4774.096809413186
15351,6218.355513960401
15352,5915.69516572607
15353,6894.573482246342
15354,4520.830232834798
15355,4479.166562799699
15356,5696.76061199299
15357,6177.688558990422
15358,7029.778386849137
15359,5084.814442718932
15360,4271.665171902364
15361,5742.522006495689
15362,6132.520364929764
15363,6818.046167812439
15364,4998.543799920624
15365,4459.675797639122
15366,4857.895746690088
15367,7580.431322556895
15368,5154.832890841433
15369,5706.215731489294
15370,6506.127666866723
15371,2975.7567197683666
15372,4871.99831151502
15373,6150.082657597553
15374,5738.020529464946
15375,5637.026409313553
15376,5841.369605879711
15377,5729.1923661744195
15378,4930.707547712413
15379,6137.537965684508
15380,7317.516768129055
15381,6114.542216480912
15382,5941.551684180932
15383,7246.273055578693
15384,5483.201251205394
15385,4074.2155272802947
15386,4038.5666013571745
15387,4104.903593222582
15388,6846.147333517038
15389,6114.542216480912
15390,8016.485708743494
15391,6654.236410115055
15392,7258.791780299429
15393,5833.478640912981
15394,5973.609190367147
15395,5683.782916751609
15396,6752.2529007184485
15397,6977.797492878112
15398,6152.484725993582
15399,5457.315085418566
15400,5085.870991778794
15401,6150.082657597553
15402,6152.484725993582
15403,6070.038652469488
15404,7246.299181397713
15405,7038.977831815415
15406,8016.485708743494
15407,5517.322982622203
15408,7580.431322556895
15409,5585.052907347182
15410,5883.787165213356
15411,8023.071540734241
15412,6693.922909257614
15413,6710.226800377976
15414,5909.008938891016
15415,6101.86499195226
15416,6876.371162531932
15417,5973.609190367147
15418,7637.408291638212
15419,4441.196769493034
15420,4164.879209890878
15421,6312.220347015036
15422,3631.254787974167
15423,6703.085505239327
15424,6510.1676036241315
15425,6896.5876766128295
15426,3926.4682308517404
15427,7602.7102852492435
15428,6406.511774878953
15429,7380.032379117104
15430,6536.240520635802
15431,5373.427206145768
15432,5457.315085418566
15433,4979.208155819057
15434,7927.147526778365
15435,4170.404273351296
15436,4979.208155819057
15437,5050.6511828296325
15438,5931.758578755155
15439,7565.679213082782
15440,5383.645986345911
15441,6434.98057384499
15442,5304.93376348099
15443,4871.99831151502
15444,5723.798042847795
15445,3457.885058525642
15446,6456.051054815323
15447,6663.249944578051
15448,8067.171510809233
15449,8067.171510809233
15450,7179.981066110711
15451,5505.551151762136
15452,4481.879729897979
15453,7309.1090132061445
15454,7246.273055578693
15455,8079.532624031623
15456,6462.859900096653
15457,6511.345581429953
15458,5701.012632660712
15459,6181.306152134359
15460,5804.78392578758
15461,5121.0056181850705
15462,5448.575340655794
15463,6637.98902182854
15464,6280.336790878224
15465,6825.467708758383
15466,7159.675261055157
15467,7241.028793119053
15468,3469.924556094956
15469,2553.581345785304
15470,7327.628760828507
15471,7317.516768129055
15472,5738.020529464946
15473,5517.849670885042
15474,6825.467708758383
15475,5219.279718564343
15476,5448.249140690821
15477,5818.456564642338
15478,4993.505292165596
15479,7565.679213082782
15480,7024.463947933309
15481,6322.266620668832
15482,5310.035848821099
15483,6688.469069189667
15484,6289.255720371804
15485,7310.786728596896
15486,6428.093969750768
15487,7896.647021057137
15488,7637.086073203643
15489,5427.815704584976
15490,6373.161841716169
15491,6462.859900096653
15492,5218.955628334603
15493,7148.534843811399
15494,6415.298028992886
15495,7041.470714002511
15496,7043.059836376126
15497,4877.870148824604
15498,6692.428185638694
15499,6190.138836286101
15500,7489.267553382619
15501,5765.665230950906
15502,7586.582961518987
15503,7327.628760828507
15504,7502.902661157958
15505,6175.950565450142
15506,4475.664656114844
15507,4592.511612338746
15508,6175.950565450142
15509,4072.8770985580322
15510,5218.955628334603
15511,6385.691638581212
15512,5430.374813423198
15513,6819.043802912473
15514,7999.908821056453
15515,7073.1826201772055
15516,5203.400851848839
15517,7702.987127146591
15518,7148.534843811399
15519,6808.098829637224
15520,5492.1544123428375
15521,6670.504483324459
15522,6372.4591729820495
15523,6538.230952721237
15524,7379.339069358833
15525,5375.643316450503
15526,5528.435909857243
15527,4398.599454372426
15528,3851.5557839063686
15529,7317.516768129055
15530,6801.750493555618
15531,7148.534843811399
15532,7250.90425753229
15533,4868.6661354090975
15534,7828.820873370305
15535,4040.6841410247603
15536,6703.085505239327
15537,5529.233754616933
15538,6663.840051799262
15539,7146.713888502163
15540,6177.019709470723
15541,6539.71136821098
15542,7046.907644463248
15543,7148.534843811399
15544,4805.379979318026
15545,5097.396078792569
15546,7685.86351664333
15547,5485.799524978139
15548,6126.512536942309
15549,7146.713888502163
15550,6538.230952721237
15551,7303.301150048415
15552,6428.093969750768
15553,4455.410341289124
15554,5473.927426175132
15555,6126.512536942309
15556,6878.881620558416
15557,7234.015763537532
15558,4241.330875247125
15559,5645.3167646089205
15560,7761.975022884185
15561,5805.315531478407
15562,7470.609277055039
15563,6531.39533125138
15564,4291.0069231322395
15565,6453.335619355101
15566,5880.057391260612
15567,6607.273069310761
15568,3271.8691795208115
15569,4528.628068060507
15570,5994.793787392139
15571,5457.315085418566
15572,4148.203656390662
15573,5923.197701469774
15574,6267.27240614022
15575,6539.71136821098
15576,4275.825363568081
15577,5894.806550277932
15578,6511.345581429953
15579,3469.924556094956
15580,7686.06256143814
15581,7317.516768129055
15582,5964.10551523513
15583,3146.247659971449
15584,5573.88887058641
15585,4171.048504005714
15586,6102.675098556579
15587,7875.418214768266
15588,6364.142041498156
15589,5831.894578731391
15590,5332.584461056561
15591,6126.177691821679
15592,7775.057665556427
15593,7104.274026253192
15594,7258.786704244732
15595,4432.276602711121
15596,4956.637827587092
15597,5123.568676828353
15598,5404.059387898375
15599,5668.9192768382
15600,5409.529725144088
15601,5934.256616310302
15602,7828.820873370305
15603,4979.208155819057
15604,8005.899311144582
15605,6299.607144226252
15606,7506.721155029206
15607,5894.806550277932
15608,6808.098829637224
15609,7327.628760828507
15610,6744.947712463766
15611,4877.870148824604
15612,5199.797820636814
15613,6564.019610669869
15614,4592.511612338746
15615,6327.811211077163
15616,6126.512536942309
15617,5582.3776044444085
15618,6500.7925588906755
15619,6807.621902573088
15620,4958.547534540174
15621,4233.4579461372405
15622,4303.863792409157
15623,5416.511552851894
15624,5271.273572337516
15625,4398.523884608122
15626,7380.032379117104
15627,5582.631216827213
15628,6114.542216480912
15629,5997.821082962814
15630,5485.799524978139
15631,5738.020529464946
15632,5812.259955008163
15633,4930.707547712413
15634,6819.043802912473
15635,5214.813424937719
15636,7671.233866988786
15637,5473.927426175132
15638,5628.66111876072
15639,3680.329117162952
15640,5683.782916751609
15641,6977.797492878112
15642,6521.487998732246
15643,4453.66903245062
15644,6181.306152134359
15645,5485.799524978139
15646,5673.42203874529
15647,7936.804752564968
15648,5706.215731489294
15649,6846.278708157668
15650,7904.64532871804
15651,5688.879846723667
15652,7920.261858581728
15653,5154.824864329943
15654,6727.365163165201
15655,4759.79120240037
15656,7317.516768129055
15657,5509.338412034324
15658,6663.840051799262
15659,7181.376616310988
15660,7317.2742754785695
15661,7305.229099073063
15662,7582.551082998409
15663,7219.5313366353375
15664,4481.879729897979
15665,4290.309568392881
15666,5034.009607170545
15667,6374.252765183935
15668,7024.463947933309
15669,5219.279718564343
15670,6728.95365103198
15671,5923.197701469774
15672,5199.797820636814
15673,6820.894278652307
15674,6175.950565450142
15675,4801.69186073914
15676,5501.918949098273
15677,5448.249140690821
15678,7470.913174104686
15679,6422.992725132218
15680,4813.030831034911
15681,7310.786728596896
15682,6364.96866114291
15683,5851.602805247728
15684,6463.0329301111415
15685,7100.750800138608
15686,7753.452739477172
15687,5528.435909857243
15688,7137.75715826376
15689,7317.516768129055
15690,6886.077070855614
15691,6324.159640092096
15692,5362.404965800427
15693,6462.859900096653
15694,6726.744948594568
15695,6114.542216480912
15696,7305.229099073063
15697,5439.27483461303
15698,7349.225247966829
15699,5615.060988174777
15700,7348.210417731509
15701,4183.591260672906
15702,4801.69186073914
15703,3198.7514351642894
15704,4357.2848741364505
15705,6181.306152134359
15706,7100.750800138608
15707,5973.609190367147
15708,6144.822738681705
15709,6846.278708157668
15710,6536.240520635802
15711,6364.142041498156
15712,7303.301467301833
15713,5484.325962162237
15714,4178.686459371135
15715,5490.354935090039
15716,6495.908220434402
15717,5484.969367957768
15718,5276.9219997897435
15719,6152.484725993582
15720,4930.707547712413
15721,5485.799524978139
15722,6876.371162531932
15723,6514.072279386533
15724,5244.449351642661
15725,6126.512536942309
15726,6727.365163165201
15727,6727.365163165201
15728,4993.505292165596
15729,5500.513786119414
15730,4868.6661354090975
15731,5097.396078792569
15732,7489.267553382619
15733,6692.428185638694
15734,7327.628760828507
15735,5280.096151967876
15736,6877.295353465566
15737,6789.881773501521
15738,3469.924556094956
15739,4104.903593222582
15740,7148.534843811399
15741,5966.6522511900275
15742,5973.609190367147
15743,4459.675797639122
15744,7046.907644463248
15745,7634.662019145705
15746,6384.549875253123
15747,5577.538553913635
15748,7317.516768129055
15749,5964.10551523513
15750,6140.183779882024
15751,5528.435909857243
15752,6617.610137448019
15753,6663.840051799262
15754,5792.101641066902
15755,5701.012632660712
15756,6846.147333517038
15757,5729.1923661744195
15758,5657.994116038941
15759,5460.009661466516
15760,5617.029783577065
15761,5363.665112241657
15762,3324.112886223779
15763,5729.1923661744195
15764,7989.273550568412
15765,7025.695398802829
15766,8028.255525044353
15767,5902.8903418724685
15768,5568.871539497071
15769,4679.461589882237
15770,4320.462364367358
15771,5239.754905220072
15772,5617.41032905264
15773,6538.230952721237
15774,3798.232289330628
15775,6177.019709470723
15776,5944.542685960524
15777,7781.573955597824
15778,6117.821839558048
15779,7637.39593461756
15780,5974.229166997715
15781,6467.29548359236
15782,7052.080144199609
15783,7745.031374382606
15784,7518.296939139267
15785,8090.503738988562
15786,6663.249944578051
15787,6555.885946837932
15788,4475.664656114844
15789,5048.937348137177
15790,5645.3167646089205
15791,7047.399545888742
15792,6465.6844231448495
15793,6327.811211077163
15794,6821.814345291502
15795,6215.225682084842
15796,7698.497594707056
15797,6389.694488413991
15798,4751.747590951295
15799,6373.161841716169
15800,6846.147333517038
15801,5935.748484648455
15802,4993.875812433144
15803,5836.543991031214
15804,7380.032379117104
15805,6384.549875253123
15806,7416.558748682633
15807,4993.505292165596
15808,4774.096809413186
15809,7466.935165214582
15810,5894.806550277932
15811,7553.906906342587
15812,5907.554998199053
15813,5429.655124043173
15814,5804.78392578758
15815,7309.1090132061445
15816,6838.573986810308
15817,4040.6841410247603
15818,7006.0997337994
15819,7198.919366168192
15820,4871.99831151502
15821,7148.534843811399
15822,6181.306152134359
15823,6146.558368684017
15824,5840.121816459135
15825,7305.229099073063
15826,5915.69516572607
15827,5939.962339729924
15828,4932.3354701791195
15829,4801.69186073914
15830,3501.9471326797857
15831,6324.159640092096
15832,4434.336925724668
15833,4580.737608292761
15834,6463.0337866953705
15835,7368.655037020358
15836,7246.299181397713
15837,3617.672423579664
15838,7574.135761581467
15839,4824.687181650619
15840,7698.497594707056
15841,4028.0915121201688
15842,6539.71136821098
15843,5836.602159445509
15844,5902.8903418724685
15845,5585.052907347182
15846,7047.399545888742
15847,7534.548467582895
15848,5485.799524978139
15849,5276.9219997897435
15850,7179.513958039881
15851,7197.072094687887
15852,7920.261858581728
15853,7371.156738852489
15854,5585.052907347182
15855,3851.5557839063686
15856,4303.863792409157
15857,6023.102309931114
15858,5738.020529464946
15859,5085.870991778794
15860,8016.485708743494
15861,5914.112436008838
15862,6292.750393678717
15863,7733.661170487777
15864,5490.354935090039
15865,6432.584200147823
15866,7046.907644463248
15867,5222.264248374196
15868,6807.621902573088
15869,5280.096151967876
15870,7767.176852699093
15871,5830.49634773973
15872,7466.935165214582
15873,8067.171510809233
15874,7875.418214768266
15875,7526.469196849574
15876,6152.484725993582
15877,6276.013530955362
15878,7769.134464918376
15879,7317.516768129055
15880,7927.147526778365
15881,4729.167126472608
15882,7309.1090132061445
15883,6599.686413823124
15884,6334.600941840024
15885,5293.710114802868
15886,5050.6511828296325
15887,6663.249944578051
15888,4592.511612338746
15889,6654.236410115055
15890,6095.5747449715955
15891,6137.691373575057
15892,4759.79120240037
15893,6607.10184764076
15894,5121.0056181850705
15895,5880.8480026423595
15896,6538.230952721237
15897,6385.691638581212
15898,5429.703758992239
15899,7308.766284338064
15900,5876.6649528678345
15901,6538.230952721237
15902,5337.0901892831125
15903,6094.210920113176
15904,5373.427206145768
15905,8196.451517468187
15906,7022.726382685144
15907,7209.382621852685
15908,5677.11076010567
15909,5722.92835605147
15910,5909.008938891016
15911,6608.849216019558
15912,6988.216777238792
15913,6967.234048564034
15914,5722.92835605147
15915,6364.96866114291
15916,5048.937348137177
15917,5430.374813423198
15918,4441.196769493034
15919,7702.987127146591
15920,5573.88887058641
15921,5742.522006495689
15922,7322.574549029259
15923,4993.432672858085
15924,5383.645986345911
15925,7258.791780299429
15926,6580.237018508326
15927,3666.8307614736864
15928,5701.012632660712
15929,6181.318112588238
15930,7534.548467582895
15931,6710.226800377976
15932,3755.438213639824
15933,4979.208155819057
15934,6218.355513960401
15935,5902.8903418724685
15936,3951.536691814876
15937,6608.849216019558
15938,6818.16781863579
15939,7073.182651902548
15940,6630.715162348941
15941,6674.324785540192
15942,7771.430031341792
15943,7828.820873370305
15944,5102.029279442703
15945,5460.009661466516
15946,5967.323829089128
15947,4395.841824207534
15948,4813.030831034911
15949,2553.581345785304
15950,8016.485708743494
15951,5909.008938891016
15952,5973.609190367147
15953,5222.264248374196
15954,7148.534843811399
15955,6197.992777778883
15956,5460.301312534209
15957,6709.183528373681
15958,6514.072279386533
15959,6511.345581429953
15960,6670.504483324459
15961,5517.849670885042
15962,4891.56001453999
15963,7188.382222162515
15964,5966.6522511900275
15965,5831.894578731391
15966,3146.247659971449
15967,6028.314736010201
15968,5373.427206145768
15969,4395.841824207534
15970,6429.538519741541
15971,5805.315531478407
15972,6106.908226783225
15973,6123.462446713509
15974,6663.738514842648
15975,7920.261858581728
15976,6688.469069189667
15977,7317.516768129055
15978,7774.846485818358
15979,7380.032379117104
15980,7046.907644463248
15981,4751.747590951295
15982,6816.20500346044
15983,7257.932039397777
15984,6374.252765183935
15985,4528.628068060507
15986,6364.96866114291
15987,3969.537428707128
15988,5975.762294142954
15989,6878.881620558416
15990,5585.052907347182
15991,6923.473111354798
15992,4409.964153920442
15993,5183.39599338614
15994,5869.225312614361
15995,5528.435909857243
15996,7341.981654463361
15997,5409.529725144088
15998,6495.908220434402
15999,6417.088639012634
16000,7896.647021057137
16001,6752.2529007184485
16002,4151.451078245814
16003,6299.217477714893
16004,4723.536274859769
16005,7210.0268207817635
16006,7052.080144199609
16007,4077.154562949924
16008,5183.39599338614
16009,3680.329117162952
16010,3198.7514351642894
16011,6280.336790878224
16012,7317.516768129055
16013,7529.674709528131
16014,5851.602805247728
16015,6647.531782581725
16016,5363.665112241657
16017,5974.229166997715
16018,6617.562787375298
16019,7291.5906918621695
16020,5869.225312614361
16021,7574.135761581467
16022,6514.072279386533
16023,5430.374813423198
16024,6977.797492878112
16025,4357.2848741364505
16026,6428.093969750768
16027,5490.354935090039
16028,7371.156738852489
16029,6322.266620668832
16030,3385.970291544323
16031,5830.49634773973
16032,6225.503392107485
16033,6569.286429847569
16034,5102.029279442703
16035,7303.429494918897
16036,6819.043802912473
16037,4461.155911738117
16038,5585.052907347182
16039,2497.756419042838
16040,5501.918949098273
16041,6836.142128318276
16042,6663.840051799262
16043,6432.584200147823
16044,4877.870148824604
16045,4368.368043000828
16046,6070.435187517358
16047,4028.0915121201688
16048,4164.879209890878
16049,7781.573955597824
16050,5951.681649286547
16051,6896.140967936813
16052,6500.7925588906755
16053,4089.899584534125
16054,5373.427206145768
16055,7250.90425753229
16056,8016.485708743494
16057,2962.8560536570153
16058,6322.266620668832
16059,5706.215731489294
16060,7006.0997337994
16061,4357.2848741364505
16062,7470.913174104686
16063,5778.61616586643
16064,6630.715162348941
16065,6039.9944999282
16066,6418.151564866211
16067,6820.894278652307
16068,5573.88887058641
16069,4251.021983698831
16070,5909.008938891016
16071,5140.564053499829
16072,7073.1826201772055
16073,5034.009607170545
16074,5529.233754616933
16075,6836.142128318276
16076,6692.372111096963
16077,7317.516768129055
16078,6767.809025531242
16079,7052.080144199609
16080,6482.036013316693
16081,4801.69186073914
16082,6688.469069189667
16083,3617.672423579664
16084,6607.10184764076
16085,5253.08484693209
16086,7193.959727613022
16087,7073.1826201772055
16088,7470.913174104686
16089,5628.66111876072
16090,7159.644170220137
16091,5628.66111876072
16092,6819.043802912473
16093,4479.166562799699
16094,6126.512536942309
16095,4930.707547712413
16096,4415.684788250737
16097,6606.418769305237
16098,7241.028793119053
16099,6137.691373575057
16100,7110.523046152114
16101,6385.691638581212
16102,6513.6835329100895
16103,7767.176852699093
16104,4538.372490949205
16105,4837.020535198884
16106,6290.372785521259
16107,4290.309568392881
16108,6663.738514842648
16109,5974.538076651376
16110,3233.547837701028
16111,4028.0915121201688
16112,4766.307080012322
16113,7027.341214362343
16114,5902.8903418724685
16115,7634.662019145705
16116,6727.365163165201
16117,5088.662028728661
16118,6389.694488413991
16119,5632.030223164563
16120,4958.547534540174
16121,5473.927426175132
16122,5573.88887058641
16123,4275.825363568081
16124,5615.060988174777
16125,7146.713888502163
16126,6896.5876766128295
16127,7046.907644463248
16128,6663.840051799262
16129,7322.574549029259
16130,7767.176852699093
16131,6462.859900096653
16132,6807.621902573088
16133,6315.030355719334
16134,4148.203656390662
16135,3969.537428707128
16136,4548.197829322309
16137,7637.086073203643
16138,2575.591578969453
16139,7327.628760828507
16140,7602.7102852492435
16141,5085.870991778794
16142,4461.155911738117
16143,7184.439983595355
16144,7073.1826201772055
16145,6663.249944578051
16146,3271.8691795208115
16147,6360.8615459741195
16148,7022.726382685144
16149,7502.700840395735
16150,5121.0056181850705
16151,5765.665230950906
16152,7427.900114241714
16153,3833.241584773898
16154,4164.879209890878
16155,6101.86499195226
16156,4870.124819039669
16157,5500.514785467683
16158,6608.849216019558
16159,5275.304419784482
16160,5473.927426175132
16161,7317.516768129055
16162,6467.479268497737
16163,3926.4682308517404
16164,4930.707547712413
16165,7184.439983595355
16166,6818.046167812439
16167,4824.687181650619
16168,4072.8770985580322
16169,4194.786483444723
16170,6152.484725993582
16171,5974.229166997715
16172,7940.033630957804
16173,6495.908220434402
16174,7920.261858581728
16175,5995.843103074059
16176,6076.1316471371565
16177,6726.744948594568
16178,4871.99831151502
16179,5645.3167646089205
16180,6878.881620558416
16181,7046.907644463248
16182,5492.1544123428375
16183,5995.843103074059
16184,5941.264204995696
16185,5518.4840508208135
16186,4290.9870313428955
16187,5825.595670732399
16188,7148.534843811399
16189,6126.763531984409
16190,7303.301467301833
16191,6627.894969809909
16192,5722.92835605147
16193,6028.314736010201
16194,8079.532624031623
16195,7526.469196849574
16196,7179.513958039881
16197,6834.468315144573
16198,5416.511552851894
16199,5573.88887058641
16200,5830.49634773973
16201,6762.142007028686
16202,6094.210920113176
16203,5778.916097248345
16204,4194.786483444723
16205,5825.595670732399
16206,5812.259955008163
16207,5199.797820636814
16208,5276.728475204416
16209,7779.10961035573
16210,7755.564187879121
16211,4868.6661354090975
16212,4930.707547712413
16213,5199.797820636814
16214,3501.9471326797857
16215,6663.738514842648
16216,6434.98057384499
16217,4290.9870313428955
16218,7470.609277055039
16219,4040.6841410247603
16220,6630.715162348941
16221,8111.989330194423
16222,6150.082657597553
16223,6164.139347578159
16224,5403.905107560924
16225,5739.0829001250395
16226,5880.057391260612
16227,7828.820873370305
16228,7456.750188366188
16229,7006.0997337994
16230,7309.1090132061445
16231,5729.1923661744195
16232,3148.584548652634
16233,4398.523884608122
16234,7029.778386849137
16235,6360.8615459741195
16236,5931.262108880436
16237,7197.072094687887
16238,7559.682409651624
16239,5941.264204995696
16240,5429.703758992239
16241,3833.241584773898
16242,7198.919366168192
16243,3617.672423579664
16244,7148.534843811399
16245,7219.5313366353375
16246,5617.41032905264
16247,7580.431322556895
16248,7498.860392587924
16249,7580.4896337352275
16250,5809.454736830486
16251,5941.264204995696
16252,4202.785901492592
16253,8028.255525044353
16254,5485.799524978139
16255,7110.523046152114
16256,7637.086073203643
16257,7603.45376863566
16258,4813.030831034911
16259,7046.907644463248
16260,4164.879209890878
16261,3558.571982191833
16262,6728.707272027118
16263,6876.371162531932
16264,5941.551684180932
16265,7896.647021057137
16266,5910.480328521001
16267,5628.66111876072
16268,5409.529725144088
16269,6510.1676036241315
16270,6221.794414116328
16271,6027.852021899219
16272,5706.215731489294
16273,6153.362915181526
16274,4801.69186073914
16275,6728.707272027118
16276,6432.584200147823
16277,7024.463947933309
16278,7380.032379117104
16279,6123.462446713509
16280,5840.121816459135
16281,4441.196769493034
16282,6392.478688552688
16283,7209.382621852685
16284,6225.503392107485
16285,5628.66111876072
16286,5276.728475204416
16287,5427.815704584976
16288,5375.643316450503
16289,6315.030355719334
16290,8079.532624031623
16291,4151.451078245814
16292,4455.410341289124
16293,4453.66903245062
16294,7864.622826479872
16295,5880.933645202703
16296,4072.8770985580322
16297,3947.7670232447463
16298,7368.655037020358
16299,4666.747643270385
16300,6598.457009238154
16301,7341.981654463361
16302,4148.203656390662
16303,5350.2237035410235
16304,4774.096809413186
16305,5701.012632660712
16306,6434.691238727253
16307,7920.261858581728
16308,5102.029279442703
16309,7506.197226871109
16310,3614.0531331299367
16311,4251.021983698831
16312,6692.372111096963
16313,7317.516768129055
16314,6463.0337866953705
16315,4520.830232834798
16316,4170.404273351296
16317,8261.39318121071
16318,5735.892821825295
16319,5974.761819624823
16320,4870.124819039669
16321,5308.647405097398
16322,5140.564053499829
16323,6663.738514842648
16324,7586.582961518987
16325,4281.182774459456
16326,8090.503738988562
16327,5517.849670885042
16328,6153.362915181526
16329,4398.599454372426
16330,4343.787787460858
16331,5674.907086134943
16332,7053.259882761903
16333,4774.096809413186
16334,6028.314736010201
16335,6126.177691821679
16336,6935.956049889917
16337,4194.786483444723
16338,6150.082657597553
16339,6153.362915181526
16340,5830.49634773973
16341,6603.580128479914
16342,7502.700840395735
16343,5688.879846723667
16344,7637.408291638212
16345,6105.751727033842
16346,4398.523884608122
16347,6886.077070855614
16348,5573.88887058641
16349,6218.355513960401
16350,6456.051054815323
16351,7602.649166378155
16352,4196.989491183272
16353,7322.574549029259
16354,5785.754002942816
16355,4877.870148824604
16356,6137.691373575057
16357,5645.3167646089205
16358,5501.918949098273
16359,7350.126406302276
16360,6114.542216480912
16361,5880.933645202703
16362,6426.212022471812
16363,5480.467541948263
16364,7553.906906342587
16365,4751.747590951295
16366,6807.621902573088
16367,6105.751727033842
16368,5350.196435609698
16369,7792.6760327659495
16370,8106.929756812402
16371,6462.859900096653
16372,5941.551684180932
16373,7043.059836376126
16374,5473.927426175132
16375,3469.924556094956
16376,4148.203656390662
16377,5722.92835605147
16378,7753.452739477172
16379,4562.4575139027875
16380,3755.438213639824
16381,5457.315085418566
16382,7526.469196849574
16383,5393.743924718922
16384,5034.009607170545
16385,6663.840051799262
16386,8026.901804707315
16387,3371.120023862506
16388,6153.362915181526
16389,5084.814442718932
16390,4993.875812433144
16391,6372.4591729820495
16392,5260.65598872756
16393,7702.987127146591
16394,5840.121816459135
16395,7006.0997337994
16396,6146.558368684017
16397,5310.035848821099
16398,5154.832890841433
16399,5416.511552851894
16400,5619.989456581573
16401,7312.7334431612535
16402,3631.254787974167
16403,6342.165849605819
16404,6693.922909257614
16405,5591.60222346945
16406,5404.059387898375
16407,5941.264204995696
16408,6617.562787375298
16409,7198.919366168192
16410,5084.814442718932
16411,6095.5747449715955
16412,4040.6841410247603
16413,7562.361551320761
16414,4475.664656114844
16415,5974.761819624823
16416,6123.462446713509
16417,7553.906906342587
16418,7046.907644463248
16419,2634.544878221752
16420,6039.087757932587
16421,5002.291276614124
16422,5033.98969951853
16423,7513.166919635655
16424,4281.182774459456
16425,5825.595670732399
16426,4303.863792409157
16427,6801.750493555618
16428,7250.90425753229
16429,5805.315531478407
16430,5619.989456581573
16431,6290.372785521259
16432,6816.20500346044
16433,7317.516768129055
16434,5706.215731489294
16435,7029.778386849137
16436,4837.020535198884
16437,8106.929756812402
16438,7456.750188366188
16439,5701.012632660712
16440,7246.299181397713
16441,4028.0915121201688
16442,3365.194142433067
16443,7602.7102852492435
16444,4052.7845829757825
16445,7486.472503177007
16446,6883.115351566557
16447,4748.878763463195
16448,7686.06256143814
16449,7181.376616310988
16450,6320.637127797703
16451,4028.0915121201688
16452,5232.0805767502125
16453,6457.521778213128
16454,4290.9870313428955
16455,6105.751727033842
16456,4038.5666013571745
16457,7999.908821056453
16458,6373.161841716169
16459,7148.534843811399
16460,4759.79120240037
16461,4164.526979282911
16462,4357.2848741364505
16463,5373.427206145768
16464,6123.462446713509
16465,6808.098829637224
16466,7209.825872466441
16467,5835.26035197434
16468,6155.160996519281
16469,4461.155911738117
16470,5189.0094277863
16471,5471.028253397546
16472,3992.22851945287
16473,7470.913174104686
16474,7753.452739477172
16475,7703.15964955561
16476,4398.599454372426
16477,7702.987127146591
16478,6175.950565450142
16479,6315.030355719334
16480,3371.120023862506
16481,4357.2848741364505
16482,6388.261010567525
16483,5860.827281508732
16484,7317.516768129055
16485,7327.628760828507
16486,5457.315085418566
16487,3789.9276734940963
16488,7094.665451278324
16489,4528.628068060507
16490,6825.467708758383
16491,4932.3354701791195
16492,6836.142128318276
16493,6373.161841716169
16494,5457.315085418566
16495,5403.905107560924
16496,6563.794170390632
16497,6360.8615459741195
16498,5183.39599338614
16499,6428.093969750768
16500,6137.691373575057
16501,7462.037010371931
16502,5953.527778654547
16503,4196.989491183272
16504,5812.259955008163
16505,6921.1928206834855
16506,7178.441419407723
16507,4795.599817831726
16508,6463.0337866953705
16509,3617.672423579664
16510,4040.6841410247603
16511,4798.453258529025
16512,6876.371162531932
16513,6181.306152134359
16514,5375.643316450503
16515,6047.423004586682
16516,7348.210417731509
16517,6106.908226783225
16518,6921.1928206834855
16519,6426.212022471812
16520,6935.956049889917
16521,6935.956049889917
16522,5678.811730172002
16523,6373.161841716169
16524,6513.329065665522
16525,6150.082657597553
16526,5974.761819624823
16527,3837.2863755086114
16528,5729.1923661744195
16529,5427.815704584976
16530,7763.008317268467
16531,7685.86351664333
16532,1768.3700455148228
16533,5840.121816459135
16534,7132.388262798634
16535,5939.962339729924
16536,5573.88887058641
16537,7209.382621852685
16538,6140.183779882024
16539,5088.662028728661
16540,2962.8560536570153
16541,5573.88887058641
16542,4038.5666013571745
16543,5851.602805247728
16544,5645.3167646089205
16545,7375.733611158156
16546,7322.574549029259
16547,6001.847393685895
16548,5509.338412034324
16549,3680.329117162952
16550,6181.318112588238
16551,7156.131096214947
16552,4450.709819463568
16553,5408.612640687029
16554,6538.230952721237
16555,5448.575340655794
16556,5792.101641066902
16557,7246.273055578693
16558,5967.323829089128
16559,3198.7514351642894
16560,5616.203084618956
16561,8085.4529376635655
16562,6137.691373575057
16563,5998.194981979271
16564,7998.057266654997
16565,5156.025573343204
16566,6373.161841716169
16567,6429.538519741541
16568,5403.905107560924
16569,6336.326403870271
16570,5345.928837799123
16571,7406.483478066379
16572,7073.1826201772055
16573,5095.452013294257
16574,6106.908226783225
16575,5778.29704065269
16576,4592.511612338746
16577,5579.409603537663
16578,5978.286441654449
16579,6617.610137448019
16580,7920.261858581728
16581,5914.112436008838
16582,6432.584200147823
16583,4679.461589882237
16584,7310.786728596896
16585,6767.809025531242
16586,5723.798042847795
16587,5894.868985750707
16588,7767.176852699093
16589,6102.675098556579
16590,6758.2968797329495
16591,6422.992725132218
16592,6385.691638581212
16593,5214.813424937719
16594,5002.291276614124
16595,3837.2863755086114
16596,6350.7935563238225
16597,6663.840051799262
16598,6564.019610669869
16599,3808.7726217331633
16600,6821.814345291502
16601,7534.548467582895
16602,5345.928837799123
16603,4453.66903245062
16604,5706.215731489294
16605,7317.535057788634
16606,6825.467708758383
16607,5199.823978181175
16608,7303.429494918897
16609,5931.758578755155
16610,7379.339069358833
16611,5500.513786119414
16612,7341.981654463361
16613,5880.8480026423595
16614,3148.584548652634
16615,3951.536691814876
16616,6825.788800943317
16617,3808.7726217331633
16618,4538.372490949205
16619,5409.529725144088
16620,7513.166919635655
16621,7940.033630957804
16622,7094.665451278324
16623,6126.763531984409
16624,5409.529725144088
16625,6181.306152134359
16626,6334.600941840024
16627,7793.42587708341
16628,6225.503392107485
16629,7130.8360052722555
16630,6536.240520635802
16631,5409.529725144088
16632,5729.1923661744195
16633,6630.715162348941
16634,6126.513901132008
16635,5409.529725144088
16636,6105.751727033842
16637,6762.142007028686
16638,5485.799524978139
16639,7763.008317268467
16640,4723.536274859769
16641,6467.29548359236
16642,4398.599454372426
16643,6434.98057384499
16644,7368.655037020358
16645,5739.0829001250395
16646,4337.298384646686
16647,6374.252765183935
16648,6935.956049889917
16649,6426.212022471812
16650,7466.935165214582
16651,5345.928837799123
16652,7565.679213082782
16653,5778.614769951388
16654,5500.513786119414
16655,4481.879729897979
16656,5701.012632660712
16657,5742.522006495689
16658,6434.98057384499
16659,5448.249140690821
16660,7198.919366168192
16661,7250.90425753229
16662,5430.374813423198
16663,4028.0915121201688
16664,7263.633400582893
16665,5678.811730172002
16666,5483.201251205394
16667,5304.93376348099
16668,7750.76699893693
16669,6617.562787375298
16670,5668.9192768382
16671,6807.621902573088
16672,7767.176852699093
16673,5722.92835605147
16674,5641.375414351332
16675,8180.588846539701
16676,6070.435187517358
16677,6887.895329510792
16678,2962.8560536570153
16679,6932.300529099791
16680,5880.057391260612
16681,4275.825363568081
16682,5673.42203874529
16683,5429.703758992239
16684,4571.293925782196
16685,5778.29704065269
16686,7046.907644463248
16687,5293.710114802868
16688,7207.920543610537
16689,5280.096151967876
16690,5408.612640687029
16691,5615.060988174777
16692,6322.266620668832
16693,3371.120023862506
16694,5573.88887058641
16695,6152.484725993582
16696,4380.38016160012
16697,4459.675797639122
16698,4843.766564303338
16699,6215.225682084842
16700,7219.5313366353375
16701,5005.221476776047
16702,5383.645986345911
16703,7047.4809213906055
16704,4877.870148824604
16705,5953.527778654547
16706,6564.019610669869
16707,4368.368043000828
16708,6663.840051799262
16709,6042.172270157303
16710,8085.4529376635655
16711,5427.978677666096
16712,5729.1923661744195
16713,7763.008317268467
16714,5974.761819624823
16715,7368.655037020358
16716,7672.516681186773
16717,7529.674709528131
16718,5140.564053499829
16719,5738.020529464946
16720,5615.060988174777
16721,7786.979240030059
16722,4998.543799920624
16723,4751.747590951295
16724,2553.581345785304
16725,5974.538076651376
16726,6894.573482246342
16727,5460.009661466516
16728,6373.161841716169
16729,7073.1826201772055
16730,6456.051054815323
16731,6245.090411955257
16732,3148.584548652634
16733,5573.88887058641
16734,3365.194142433067
16735,4857.895746690088
16736,5614.240332894291
16737,5403.905107560924
16738,5404.059387898375
16739,6039.9944999282
16740,4164.526979282911
16741,6801.750493555618
16742,6276.045478374612
16743,7534.548467582895
16744,6903.055759997274
16745,6140.183779882024
16746,3846.544369593287
16747,4292.3887362594905
16748,5706.215731489294
16749,6360.589707382418
16750,7317.516768129055
16751,7602.7102852492435
16752,7379.339069358833
16753,5275.306672283755
16754,6538.230952721237
16755,5837.438439456859
16756,5585.052907347182
16757,4275.369327641559
16758,5304.93376348099
16759,5914.112436008838
16760,7526.469196849574
16761,7637.086073203643
16762,3629.3808672067016
16763,6692.428185638694
16764,6039.9944999282
16765,7246.299181397713
16766,6003.758750356753
16767,5840.121816459135
16768,5615.060988174777
16769,4538.372490949205
16770,5404.059387898375
16771,5653.373653113562
16772,6102.675098556579
16773,7048.40423987734
16774,6744.947712463766
16775,5427.978677666096
16776,6807.621902573088
16777,4290.9437738392735
16778,8005.899311144582
16779,5729.1923661744195
16780,6724.64017837708
16781,5222.264248374196
16782,7197.072094687887
16783,7462.037010371931
16784,6152.484725993582
16785,6071.892903525002
16786,6003.758750356753
16787,5830.49634773973
16788,5034.009607170545
16789,5683.782916751609
16790,4822.094031520584
16791,7006.0997337994
16792,6039.9944999282
16793,4481.879729897979
16794,6903.055759997274
16795,6429.538519741541
16796,5616.203084618956
16797,6181.306152134359
16798,4710.270672141037
16799,6126.763531984409
16800,5739.0829001250395
16801,5738.020529464946
16802,4164.879209890878
16803,7599.595062893611
16804,6137.691373575057
16805,7580.431322556895
16806,7763.008317268467
16807,6846.278708157668
16808,6233.047773577099
16809,7936.804752564968
16810,7563.932606112188
16811,6150.082657597553
16812,4710.270672141037
16813,6137.691373575057
16814,6146.558368684017
16815,4969.8770348214
16816,5617.41032905264
16817,6374.252765183935
16818,7188.382222162515
16819,7489.267553382619
16820,4398.599454372426
16821,4459.675797639122
16822,5941.264204995696
16823,7179.513958039881
16824,7574.135761581467
16825,7156.131096214947
16826,7498.860519489292
16827,5640.235253153006
16828,7813.104900422566
16829,5573.88887058641
16830,5409.529725144088
16831,7518.296939139267
16832,5490.354935090039
16833,8085.4529376635655
16834,4822.094031520584
16835,5577.538553913635
16836,4074.2155272802947
16837,5973.609190367147
16838,6674.324785540192
16839,6182.567107571806
16840,8284.350971042772
16841,5121.0056181850705
16842,5974.538076651376
16843,5617.029783577065
16844,6321.559240721448
16845,3501.9471326797857
16846,7380.032379117104
16847,6762.142007028686
16848,4520.830232834798
16849,5485.799524978139
16850,6894.573482246342
16851,5184.122583028019
16852,7470.609277055039
16853,6512.47191037923
16854,7341.981654463361
16855,7371.156738852489
16856,7582.551082998409
16857,3721.2255891185946
16858,5641.384836777864
16859,5479.671886237162
16860,4207.995741956318
16861,7406.483478066379
16862,7565.679213082782
16863,7767.176852699093
16864,7774.846485818358
16865,8136.653530988946
16866,7588.077161669766
16867,4077.154562949924
16868,3146.247659971449
16869,5102.029279442703
16870,4074.2155272802947
16871,6514.072279386533
16872,5528.435909857243
16873,6126.177691821679
16874,6663.840051799262
16875,6744.641183797011
16876,6627.894969809909
16877,7322.574549029259
16878,6220.999218422683
16879,6607.273069310761
16880,5457.315085418566
16881,6767.809025531242
16882,6342.408548471025
16883,8106.929756812402
16884,6692.372111096963
16885,7048.40423987734
16886,6538.546730911411
16887,5940.945841190161
16888,6463.0337866953705
16889,7132.388262798634
16890,4922.905826132326
16891,5615.060988174777
16892,6280.336790878224
16893,5373.427206145768
16894,5640.235253153006
16895,5409.529725144088
16896,4666.747643270385
16897,6888.0041950213745
16898,4479.166562799699
16899,7715.29763844872
16900,5997.821082962814
16901,6215.225682084842
16902,6336.326403870271
16903,7025.695398802829
16904,5492.1544123428375
16905,8073.455507897552
16906,5939.962339729924
16907,4290.9870313428955
16908,7303.301467301833
16909,5953.527778654547
16910,7470.913174104686
16911,7588.077161669766
16912,7046.907644463248
16913,5121.0056181850705
16914,5084.814442718932
16915,4170.404273351296
16916,6123.462446713509
16917,6003.758750356753
16918,5585.052907347182
16919,7209.382621852685
16920,3198.7514351642894
16921,6514.072279386533
16922,6693.922909257614
16923,3233.547837701028
16924,2962.8560536570153
16925,4320.462364367358
16926,3789.9276734940963
16927,3457.885058525642
16928,7193.955301927833
16929,6117.821839558048
16930,5214.813424937719
16931,4569.858401651181
16932,6904.2307080329465
16933,6726.744948594568
16934,4666.747643270385
16935,5582.631216827213
16936,6023.102309931114
16937,5841.369605879711
16938,5517.849670885042
16939,7209.382621852685
16940,7526.469196849574
16941,3833.241584773898
16942,5582.631216827213
16943,6132.520364929764
16944,4958.547534540174
16945,7041.470714002511
16946,5674.907086134943
16947,6608.849216019558
16948,6374.252765183935
16949,5997.822732680592
16950,4038.5666013571745
16951,7786.979240030059
16952,6453.335619355101
16953,4795.599817831726
16954,5271.273572337516
16955,6267.260239471619
16956,5931.758578755155
16957,6728.95365103198
16958,6039.116612131005
16959,6727.437877648737
16960,6218.355513960401
16961,7305.229099073063
16962,7073.1826201772055
16963,6434.98057384499
16964,3457.885058525642
16965,6321.475311329566
16966,5211.195451089679
16967,7179.981066110711
16968,6524.6111048353305
16969,6324.159640092096
16970,5935.748484648455
16971,7466.239127076911
16972,5941.264204995696
16973,5931.758578755155
16974,5448.575340655794
16975,7526.469196849574
16976,7775.057665556427
16977,6762.142007028686
16978,6299.607144226252
16979,4868.6661354090975
16980,6625.412430084258
16981,7745.031374382606
16982,7047.399545888742
16983,7087.107983105196
16984,6137.537965684508
16985,7920.261858581728
16986,5289.6224314059655
16987,7317.516768129055
16988,4216.086243460657
16989,5851.602805247728
16990,6372.4591729820495
16991,4290.309568392881
16992,4548.197829322309
16993,5529.233754616933
16994,6126.177691821679
16995,4303.863792409157
16996,6692.372111096963
16997,5735.892821825295
16998,4795.599817831726
16999,7489.267553382619
17000,6617.610137448019
17001,6221.794414116328
17002,7733.661170487777
17003,6878.881620558416
17004,5214.813424937719
17005,7039.852515353084
17006,5513.18471316771
17007,3614.0531331299367
17008,4290.9870313428955
17009,5941.551684180932
17010,7875.418214768266
17011,5831.894578731391
17012,7763.008317268467
17013,4077.154562949924
17014,5350.196435609698
17015,7207.920543610537
17016,6524.6111048353305
17017,7529.674709528131
17018,6127.230465565862
17019,6607.273069310761
17020,6935.956049889917
17021,7146.713888502163
17022,6472.571550707213
17023,5964.10551523513
17024,6977.797492878112
17025,5939.962339729924
17026,4751.747590951295
17027,5529.233754616933
17028,5678.811730172002
17029,6580.237018508326
17030,7580.4896337352275
17031,5166.571013525778
17032,6070.435187517358
17033,8111.989330194423
17034,5735.892821825295
17035,8305.162620811565
17036,3271.8691795208115
17037,7038.977831815415
17038,5430.374813423198
17039,4425.953171022873
17040,6003.758750356753
17041,7046.907644463248
17042,6934.217247353422
17043,7927.147526778365
17044,6432.584200147823
17045,6564.019610669869
17046,4868.6661354090975
17047,5199.797820636814
17048,6389.694488413991
17049,7031.131647168717
17050,5723.798042847795
17051,7024.463947933309
17052,6569.286429847569
17053,7926.183663304738
17054,5430.374813423198
17055,7775.057665556427
17056,5910.480328521001
17057,5805.315531478407
17058,4290.309568392881
17059,5910.480328521001
17060,7073.1826201772055
17061,5085.870991778794
17062,4824.687181650619
17063,7427.900114241714
17064,7025.695398802829
17065,7043.059836376126
17066,5698.729550159317
17067,6692.372111096963
17068,6921.1928206834855
17069,5818.456564642338
17070,4822.094031520584
17071,8026.901804707315
17072,7317.516768129055
17073,6321.559240721448
17074,7502.700840395735
17075,6692.428185638694
17076,6330.181427229969
17077,6617.562787375298
17078,7038.977831815415
17079,5914.112436008838
17080,5392.337809979808
17081,5332.584461056561
17082,1974.7991039947215
17083,5944.563481922111
17084,5706.215731489294
17085,6372.4591729820495
17086,6627.894969809909
17087,5894.868985750707
17088,5825.595670732399
17089,7006.0997337994
17090,4433.034759068149
17091,5941.264204995696
17092,6789.881773501521
17093,7368.655037020358
17094,7998.057266654997
17095,6221.794414116328
17096,7999.908821056453
17097,4303.863792409157
17098,6693.922909257614
17099,5480.467541948263
17100,7781.573955597824
17101,4801.69186073914
17102,6846.147333517038
17103,6334.600941840024
17104,4207.995741956318
17105,6807.621902573088
17106,7317.516768129055
17107,7470.609277055039
17108,4993.505292165596
17109,6215.225682084842
17110,7927.147526778365
17111,4380.38016160012
17112,7553.906906342587
17113,6406.511774878953
17114,4592.502126461531
17115,5830.49634773973
17116,5439.27483461303
17117,5480.467541948263
17118,6663.249944578051
17119,4398.599454372426
17120,5183.39599338614
17121,5130.284249604624
17122,5698.729550159317
17123,7371.156738852489
17124,5500.513786119414
17125,5653.373653113562
17126,6801.750493555618
17127,6513.6835329100895
17128,3068.2457992360464
17129,4998.543799920624
17130,7733.661170487777
17131,7518.296939139267
17132,7052.080144199609
17133,6267.260239471619
17134,8106.929756812402
17135,5674.907086134943
17136,4281.182774459456
17137,5287.187051400985
17138,7193.959727613022
17139,7462.037010371931
17140,6036.493069123471
17141,5880.057391260612
17142,8196.451517468187
17143,6360.8615459741195
17144,6463.0337866953705
17145,5220.641259198148
17146,5907.554998199053
17147,7046.907644463248
17148,5619.989456581573
17149,7303.429494918897
17150,6663.840051799262
17151,6887.895329510792
17152,3324.112886223779
17153,7529.674709528131
17154,4380.38016160012
17155,7022.726382685144
17156,7073.1826201772055
17157,5975.762294142954
17158,7317.516768129055
17159,6727.365163165201
17160,5805.315531478407
17161,6127.230465565862
17162,5483.201251205394
17163,8239.162171372576
17164,3837.2863755086114
17165,5505.551151762136
17166,6663.840051799262
17167,5790.55545894349
17168,7602.7102852492435
17169,7588.077161669766
17170,5199.823978181175
17171,6213.382455585623
17172,8136.653530988946
17173,6663.840051799262
17174,4710.270672141037
17175,6140.183779882024
17176,7363.917840699615
17177,5484.325962162237
17178,7025.695398802829
17179,6580.237018508326
17180,5688.879846723667
17181,6807.621902573088
17182,6322.266620668832
17183,3926.4682308517404
17184,3617.672423579664
17185,7317.535057788634
17186,5573.88887058641
17187,7489.267553382619
17188,5696.76061199299
17189,5154.832890841433
17190,7234.015763537532
17191,7025.695398802829
17192,3148.584548652634
17193,7350.126406302276
17194,5533.0126235362
17195,6692.372111096963
17196,5304.93376348099
17197,6105.491690269311
17198,5964.10551523513
17199,7310.786728596896
17200,5729.1923661744195
17201,2497.756419042838
17202,5005.221476776047
17203,6538.230952721237
17204,6670.504483324459
17205,4441.196769493034
17206,6818.046167812439
17207,5304.93376348099
17208,4343.787787460858
17209,4837.020535198884
17210,4979.208155819057
17211,6001.847393685895
17212,5430.374813423198
17213,6807.621902573088
17214,4357.2848741364505
17215,5203.400851848839
17216,7562.361551320761
17217,6290.372785521259
17218,7813.104900422566
17219,4459.675797639122
17220,4956.637827587092
17221,4592.511612338746
17222,6070.435187517358
17223,7317.535057788634
17224,6935.956049889917
17225,4822.094031520584
17226,6847.207530991214
17227,7722.843653773438
17228,4801.69186073914
17229,6293.828864949802
17230,5097.396078792569
17231,6000.9102588127835
17232,4398.599454372426
17233,7927.147526778365
17234,7132.388262798634
17235,7763.008317268467
17236,6905.052378524372
17237,5869.225312614361
17238,6070.435187517358
17239,6225.503392107485
17240,7672.516681186773
17241,5203.400851848839
17242,6514.072279386533
17243,3614.0531331299367
17244,5738.020529464946
17245,7602.649166378155
17246,5830.49634773973
17247,6894.573482246342
17248,5368.497421137285
17249,7258.791780299429
17250,3198.7514351642894
17251,6181.306152134359
17252,7179.513958039881
17253,4759.79120240037
17254,5818.456564642338
17255,6036.493069123471
17256,6095.5747449715955
17257,4837.020535198884
17258,7047.399545888742
17259,5994.793850842822
17260,6023.102309931114
17261,7733.661170487777
17262,5671.3567189904
17263,4569.858401651181
17264,5189.0094277863
17265,5830.49634773973
17266,3617.672423579664
17267,4432.276602711121
17268,5271.1152152936365
17269,7462.037010371931
17270,6727.365163165201
17271,4104.903593222582
17272,7586.582961518987
17273,4857.895746690088
17274,6472.571550707213
17275,5585.052907347182
17276,4837.020535198884
17277,6512.47191037923
17278,5825.595670732399
17279,3614.0531331299367
17280,4170.404273351296
17281,5978.286441654449
17282,7368.655037020358
17283,4365.47037717698
17284,7246.299181397713
17285,7094.665451278324
17286,4525.604420904145
17287,8026.901804707315
17288,6599.686413823124
17289,6727.365163165201
17290,7052.080144199609
17291,6153.362915181526
17292,6220.999218422683
17293,5931.262108880436
17294,5706.215731489294
17295,4357.2848741364505
17296,7781.573955597824
17297,7775.057665556427
17298,7526.469196849574
17299,7234.015763537532
17300,7466.935165214582
17301,7246.299181397713
17302,5429.655124043173
17303,7148.534843811399
17304,4868.6661354090975
17305,7745.031374382606
17306,6538.230952721237
17307,6500.7925588906755
17308,7137.75715826376
17309,4251.021983698831
17310,5050.6511828296325
17311,6935.956049889917
17312,6093.102515982048
17313,5974.538076651376
17314,6651.860086833943
17315,5910.480328521001
17316,3666.8307614736864
17317,8189.081197086671
17318,6126.763531984409
17319,5627.310063352398
17320,5517.849670885042
17321,5683.782916751609
17322,5678.811730172002
17323,6432.584200147823
17324,6663.840051799262
17325,3146.247659971449
17326,6101.86499195226
17327,7349.225247966829
17328,5573.88887058641
17329,4592.511612338746
17330,4074.2155272802947
17331,6507.330073185774
17332,4441.196769493034
17333,5501.918949098273
17334,4183.591260672906
17335,6654.236410115055
17336,6819.043802912473
17337,6663.249944578051
17338,5528.435909857243
17339,7587.336105271999
17340,5941.551684180932
17341,7006.0997337994
17342,7184.439983595355
17343,5407.933845272657
17344,6220.999218422683
17345,7181.588240203844
17346,1974.7991039947215
17347,4455.410341289124
17348,4857.895746690088
17349,4993.875812433144
17350,4813.030831034911
17351,4822.094031520584
17352,6807.621902573088
17353,6095.5747449715955
17354,8079.532624031623
17355,4461.155911738117
17356,5997.821082962814
17357,6564.019610669869
17358,7146.713888502163
17359,6603.580128479914
17360,2221.806889268895
17361,4178.686459371135
17362,6126.512536942309
17363,6326.232653242386
17364,6432.584200147823
17365,5617.41032905264
17366,5723.798042847795
17367,7317.516768129055
17368,7006.0997337994
17369,5940.945841190161
17370,5350.196435609698
17371,7048.40423987734
17372,4074.2155272802947
17373,6663.840051799262
17374,4969.8770348214
17375,7529.674709528131
17376,6692.428185638694
17377,7072.913272024841
17378,5722.92835605147
17379,5373.427206145768
17380,7602.7102852492435
17381,7100.750800138608
17382,5390.706826017612
17383,4479.166562799699
17384,5833.478640912981
17385,8028.255525044353
17386,6663.840051799262
17387,4441.196769493034
17388,5934.256616310302
17389,4432.276602711121
17390,3385.970291544323
17391,7305.229099073063
17392,4075.544152871922
17393,6373.161841716169
17394,4750.444409083837
17395,7380.032379117104
17396,5232.0805767502125
17397,5480.467541948263
17398,3371.120023862506
17399,5345.928837799123
17400,6807.621902573088
17401,6374.252765183935
17402,7559.682409651624
17403,4748.878763463195
17404,6846.278708157668
17405,7317.516768129055
17406,5427.815704584976
17407,7518.296939139267
17408,5643.267275799618
17409,7348.210417731509
17410,6245.090411955257
17411,4932.3354701791195
17412,4164.526979282911
17413,6536.240520635802
17414,7234.015763537532
17415,2221.806889268895
17416,6280.336790878224
17417,6321.475311329566
17418,4123.688929544299
17419,6360.8615459741195
17420,7046.907644463248
17421,7529.674709528131
17422,5430.374813423198
17423,5688.879846723667
17424,7029.778386849137
17425,6824.989417504547
17426,4455.410341289124
17427,5939.962339729924
17428,7368.655037020358
17429,7470.913174104686
17430,5851.602805247728
17431,5492.1544123428375
17432,5792.101641066902
17433,6846.147333517038
17434,6155.160996519281
17435,4441.196769493034
17436,7132.388262798634
17437,3947.7670232447463
17438,4774.096809413186
17439,4335.480601871636
17440,7926.183663304738
17441,6692.428185638694
17442,6070.435187517358
17443,4774.32496220915
17444,6190.138836286101
17445,8111.989330194423
17446,5698.729550159317
17447,6709.183528373681
17448,5529.233754616933
17449,6140.183779882024
17450,7137.75715826376
17451,6432.584200147823
17452,5517.849670885042
17453,6580.237018508326
17454,7940.033630957804
17455,7553.906906342587
17456,6538.230952721237
17457,6137.691373575057
17458,5914.112436008838
17459,4328.324935153126
17460,5935.748484648455
17461,7156.131096214947
17462,5473.927426175132
17463,7137.75715826376
17464,5484.325962162237
17465,4148.203656390662
17466,6140.183779882024
17467,7104.274026253192
17468,5902.8903418724685
17469,5894.868985750707
17470,8305.162620811565
17471,5005.221476776047
17472,3947.7670232447463
17473,5518.006933404627
17474,7580.4896337352275
17475,5762.298061792916
17476,6102.675098556579
17477,7317.516768129055
17478,5998.194981979271
17479,3409.652355068308
17480,7904.64532871804
17481,5640.235253153006
17482,5429.655124043173
17483,7317.516768129055
17484,6608.849216019558
17485,6710.226800377976
17486,6152.484725993582
17487,6384.549875253123
17488,5005.221476776047
17489,5439.27483461303
17490,6564.019610669869
17491,6710.226800377976
17492,6155.160996519281
17493,4837.020535198884
17494,6364.96866114291
17495,6182.567107571806
17496,6825.467708758383
17497,5582.631216827213
17498,7602.7102852492435
17499,6846.147333517038
17500,7179.981066110711
17501,5585.052907347182
17502,6175.950565450142
17503,6752.2529007184485
17504,8241.343161723877
17505,5674.907086134943
17506,6552.276982986979
17507,4194.786483444723
17508,7073.1826201772055
17509,3233.547837701028
17510,4275.369327641559
17511,6808.098829637224
17512,5373.427206145768
17513,4871.99831151502
17514,4930.707547712413
17515,3629.3808672067016
17516,5706.215731489294
17517,3629.3808672067016
17518,7258.791780299429
17519,7246.273055578693
17520,4475.664656114844
17521,4879.9280289868275
17522,7779.10961035573
17523,6150.082657597553
17524,5385.385486839929
17525,6552.276982986979
17526,6153.362915181526
17527,7046.907644463248
17528,7317.516768129055
17529,6521.487998732246
17530,4479.166562799699
17531,6032.947476642878
17532,6334.600941840024
17533,7456.750188366188
17534,6647.531782581725
17535,7100.750800138608
17536,6321.475311329566
17537,4571.293925782196
17538,7904.64532871804
17539,4653.851085590803
17540,6042.172270157303
17541,5931.758578755155
17542,4233.4579461372405
17543,5645.94034206579
17544,6182.567107571806
17545,6524.6111048353305
17546,7148.534843811399
17547,5706.215731489294
17548,5739.0829001250395
17549,6126.177691821679
17550,3947.7670232447463
17551,5085.870991778794
17552,6039.087757932587
17553,8302.536571502025
17554,6127.230465565862
17555,5483.201251205394
17556,3680.329117162952
17557,6373.161841716169
17558,6507.330073185774
17559,5836.543991031214
17560,4459.675797639122
17561,3146.247659971449
17562,5513.18471316771
17563,6350.7935563238225
17564,5189.0094277863
17565,7828.820873370305
17566,5673.42203874529
17567,6003.758750356753
17568,6177.019709470723
17569,7927.147526778365
17570,5722.92835605147
17571,5203.400851848839
17572,5097.396078792569
17573,6136.809837363548
17574,6292.750393678717
17575,5706.215731489294
17576,4343.787787460858
17577,5876.6649528678345
17578,6220.999218422683
17579,5375.643316450503
17580,6150.082657597553
17581,5509.338412034324
17582,6663.840051799262
17583,4481.879729897979
17584,6181.318112588238
17585,6076.1316471371565
17586,7024.463947933309
17587,7156.131096214947
17588,5304.93376348099
17589,8073.455507897552
17590,5673.42203874529
17591,5678.811730172002
17592,7882.661332391605
17593,8090.503738988562
17594,3614.0531331299367
17595,5164.7951399273215
17596,7246.299181397713
17597,8085.4529376635655
17598,7043.059836376126
17599,7210.0268207817635
17600,5471.028253397546
17601,4072.8770985580322
17602,7148.534843811399
17603,5883.787165213356
17604,5785.754002942816
17605,4415.684788250737
17606,5645.3167646089205
17607,4453.66903245062
17608,6146.558368684017
17609,5102.029279442703
17610,5275.304419784482
17611,5941.264204995696
17612,6825.467708758383
17613,7599.595062893611
17614,7291.5906918621695
17615,6846.147333517038
17616,4592.511612338746
17617,6905.052378524372
17618,3385.970291544323
17619,7156.131096214947
17620,7599.595062893611
17621,3666.8307614736864
17622,6727.365163165201
17623,6426.212022471812
17624,4993.505292165596
17625,6418.151564866211
17626,6819.043802912473
17627,6034.415820640046
17628,7046.907644463248
17629,5738.020529464946
17630,5645.94034206579
17631,6123.462446713509
17632,6152.484725993582
17633,5429.703758992239
17634,6105.751727033842
17635,5785.754002942816
17636,5362.404965800427
17637,7489.267553382619
17638,5304.93376348099
17639,5244.449351642661
17640,4241.330875247125
17641,7303.429494918897
17642,5219.279718564343
17643,6114.542216480912
17644,7702.987127146591
17645,5974.538076651376
17646,7763.008317268467
17647,7502.902661157958
17648,6728.95365103198
17649,4496.80797847008
17650,3666.8307614736864
17651,5981.032571382917
17652,3392.2789074979232
17653,6935.956049889917
17654,7920.261858581728
17655,6434.98057384499
17656,6372.4591729820495
17657,4464.055068653031
17658,5203.400851848839
17659,5286.485033036375
17660,6744.947712463766
17661,7137.75715826376
17662,5528.435909857243
17663,3617.672423579664
17664,1974.7991039947215
17665,4194.786483444723
17666,5841.369605879711
17667,5232.0805767502125
17668,7379.339069358833
17669,5880.057391260612
17670,3392.2789074979232
17671,5199.823978181175
17672,5404.059387898375
17673,6692.372111096963
17674,5830.49634773973
17675,4479.166562799699
17676,6373.161841716169
17677,6752.2529007184485
17678,7637.086073203643
17679,5701.012632660712
17680,6625.412430084258
17681,4441.196769493034
17682,4481.879729897979
17683,5404.059387898375
17684,6107.469352904649
17685,7291.5906918621695
17686,5304.93376348099
17687,6181.306152134359
17688,6816.20500346044
17689,8305.162620811565
17690,7146.713888502163
17691,3198.7514351642894
17692,5591.60222346945
17693,4548.197829322309
17694,6181.318112588238
17695,4759.79120240037
17696,8079.532624031623
17697,7526.469196849574
17698,3614.0531331299367
17699,6315.030355719334
17700,5114.207480206616
17701,4290.9870313428955
17702,4479.166562799699
17703,7209.825872466441
17704,5448.249140690821
17705,4479.166562799699
17706,6321.475311329566
17707,6094.210920113176
17708,4290.9870313428955
17709,6280.336790878224
17710,4355.616200468128
17711,6670.504483324459
17712,6389.694488413991
17713,7006.0997337994
17714,5653.373653113562
17715,6531.39533125138
17716,6762.142007028686
17717,6095.5747449715955
17718,6417.088639012634
17719,7715.29763844872
17720,7526.469196849574
17721,6095.5747449715955
17722,7586.582961518987
17723,4357.2848741364505
17724,6123.462446713509
17725,6894.573482246342
17726,6606.418769305237
17727,6373.161841716169
17728,6693.922909257614
17729,6389.694488413991
17730,7702.987127146591
17731,3808.7726217331633
17732,7580.431322556895
17733,7317.516768129055
17734,4251.021983698831
17735,6820.894278652307
17736,6888.0041950213745
17737,6321.475311329566
17738,6177.688558990422
17739,6538.230952721237
17740,7038.977831815415
17741,7046.907644463248
17742,7046.907644463248
17743,6727.365163165201
17744,7350.126406302276
17745,4260.449629049087
17746,5260.83333338854
17747,5203.400851848839
17748,5408.612640687029
17749,3680.329117162952
17750,7007.471236190548
17751,6934.217247353422
17752,3947.7670232447463
17753,5396.258713254569
17754,6709.183528373681
17755,6506.127666866723
17756,7025.695398802829
17757,5002.291276614124
17758,7209.382621852685
17759,6500.7925588906755
17760,5994.793850842822
17761,7350.126406302276
17762,6688.469069189667
17763,6506.127666866723
17764,4074.2155272802947
17765,7733.661170487777
17766,5940.945841190161
17767,7761.975022884185
17768,6177.688558990422
17769,6280.336790878224
17770,5706.215731489294
17771,6816.20500346044
17772,5994.793850842822
17773,5582.631216827213
17774,6688.469069189667
17775,7745.031374382606
17776,5825.595670732399
17777,7137.75715826376
17778,4453.66903245062
17779,6102.675098556579
17780,6744.947712463766
17781,7309.1090132061445
17782,7553.906906342587
17783,7146.713888502163
17784,5701.012632660712
17785,6663.738514842648
17786,7148.518774925748
17787,5199.823978181175
17788,7662.555701114559
17789,7047.399545888742
17790,4196.989491183272
17791,7506.197226871109
17792,4196.989491183272
17793,8090.503738988562
17794,5729.1923661744195
17795,5448.249140690821
17796,7634.662019145705
17797,6538.230952721237
17798,7896.647021057137
17799,6221.794414116328
17800,6372.4591729820495
17801,5002.291276614124
17802,6415.298028992886
17803,4040.6841410247603
17804,2634.544878221752
17805,6921.1928206834855
17806,3833.241584773898
17807,6934.217247353422
17808,5585.052907347182
17809,6432.584200147823
17810,6647.531782581725
17811,6767.809025531242
17812,5368.497421137285
17813,5644.989898411768
17814,5628.66111876072
17815,4979.149146683201
17816,7786.979240030059
17817,6692.372111096963
17818,6935.956049889917
17819,7470.913174104686
17820,7179.513958039881
17821,5350.2237035410235
17822,6819.043802912473
17823,5851.602805247728
17824,7046.907644463248
17825,5894.806550277932
17826,6220.999218422683
17827,5291.0661565378505
17828,6563.794170390632
17829,5271.273572337516
17830,6663.738514842648
17831,6123.462446713509
17832,5894.806550277932
17833,7489.267553382619
17834,5102.029279442703
17835,7043.059836376126
17836,7498.860360862582
17837,6432.584200147823
17838,7305.229099073063
17839,4281.182774459456
17840,6146.558368684017
17841,6836.142128318276
17842,5951.681649286547
17843,6137.537965684508
17844,5941.551684180932
17845,7368.733890357543
17846,7637.39593461756
17847,5385.385486839929
17848,4774.096809413186
17849,5678.811730172002
17850,6039.9944999282
17851,7775.057665556427
17852,7368.655037020358
17853,7231.932867943254
17854,6140.183779882024
17855,7406.483478066379
17856,4562.4575139027875
17857,6883.115351566557
17858,4395.841824207534
17859,6521.487998732246
17860,5392.337809979808
17861,7046.907644463248
17862,4479.166562799699
17863,7634.662019145705
17864,4979.149146683201
17865,7322.574549029259
17866,5833.478640912981
17867,7813.104900422566
17868,7637.086073203643
17869,5778.61616586643
17870,5585.052907347182
17871,5408.612640687029
17872,6065.265432023068
17873,7781.573955597824
17874,3721.2255891185946
17875,1768.3700455148228
17876,6564.293289331397
17877,5653.373653113562
17878,6290.372785521259
17879,7470.913174104686
17880,5392.337809979808
17881,5677.11076010567
17882,7148.534843811399
17883,6878.881620558416
17884,7146.713888502163
17885,5941.551684180932
17886,6644.931145271012
17887,8005.899311144582
17888,5830.49634773973
17889,6434.98057384499
17890,6727.365163165201
17891,6299.607144226252
17892,5674.907086134943
17893,5812.259955008163
17894,6606.418769305237
17895,6538.230952721237
17896,5573.88887058641
17897,4275.825363568081
17898,6069.72861656619
17899,4275.369327641559
17900,6598.457009238154
17901,7317.516768129055
17902,7207.920543610537
17903,5645.3167646089205
17904,4813.030831034911
17905,6693.922909257614
17906,7041.470714002511
17907,4290.9870313428955
17908,7341.981654463361
17909,7518.296939139267
17910,5244.449351642661
17911,7184.439983595355
17912,5818.456564642338
17913,5214.813424937719
17914,5941.264204995696
17915,6036.493069123471
17916,6513.6835329100895
17917,6512.47191037923
17918,5448.249140690821
17919,3409.652355068308
17920,7146.713888502163
17921,4481.879729897979
17922,5939.962339729924
17923,7580.431322556895
17924,7148.534843811399
17925,4432.276602711121
17926,6539.71136821098
17927,6434.98057384499
17928,5363.666698508749
17929,6767.809025531242
17930,4357.2848741364505
17931,6870.691200089897
17932,4459.675797639122
17933,7046.907644463248
17934,7526.469196849574
17935,7516.900722706813
17936,6447.290165112203
17937,6392.478688552688
17938,5998.194981979271
17939,2497.756419042838
17940,5448.575340655794
17941,7231.932867943254
17942,5588.946495102604
17943,5416.511552851894
17944,2575.591578969453
17945,2962.8560536570153
17946,4148.203656390662
17947,5677.11076010567
17948,7580.4896337352275
17949,7603.45376863566
17950,5457.315085418566
17951,7927.147526778365
17952,5532.257496949322
17953,6847.207530991214
17954,6432.584200147823
17955,5683.782916751609
17956,6784.787762260913
17957,5460.301312534209
17958,5362.404965800427
17959,5818.456564642338
17960,5894.868985750707
17961,4653.851085590803
17962,7052.080144199609
17963,7025.695398802829
17964,5644.989898411768
17965,6654.236410115055
17966,4018.1595290104133
17967,7317.516768129055
17968,6580.237018508326
17969,5615.060988174777
17970,6903.055759997274
17971,7562.361551320761
17972,6140.183779882024
17973,4316.144101185838
17974,5183.39599338614
17975,4028.0915121201688
17976,6181.318112588238
17977,7209.825872466441
17978,5657.994116038941
17979,5271.273572337516
17980,4823.822158479547
17981,6177.019709470723
17982,5910.480328521001
17983,4380.38016160012
17984,7518.296939139267
17985,6846.147333517038
17986,6152.484725993582
17987,6186.0199668781515
17988,5385.385486839929
17989,5203.400851848839
17990,6321.559240721448
17991,4801.69186073914
17992,6663.840051799262
17993,5833.478640912981
17994,6434.98057384499
17995,6663.738514842648
17996,4538.372490949205
17997,5778.916097248345
17998,7291.5906918621695
17999,4178.686459371135
18000,6953.730458193363
18001,4290.9870313428955
18002,3519.7475399008817
18003,6903.055759997274
18004,4178.686459371135
18005,7940.033630957804
18006,5935.748484648455
18007,3148.584548652634
18008,4922.905826132326
18009,7137.75715826376
18010,4281.182774459456
18011,3617.672423579664
18012,3233.547837701028
18013,6688.469069189667
18014,7303.301784555251
18015,4380.38016160012
18016,6617.610137448019
18017,7702.987127146591
18018,4837.265550014046
18019,4453.66903245062
18020,5460.009661466516
18021,4148.203656390662
18022,6290.372785521259
18023,6976.912419290988
18024,5392.337809979808
18025,5287.187051400985
18026,5880.933645202703
18027,7181.376616310988
18028,4178.686459371135
18029,6538.715826983507
18030,7375.733611158156
18031,7499.272853757407
18032,5706.215731489294
18033,6225.503392107485
18034,5492.1544123428375
18035,7047.4809213906055
18036,7755.564187879121
18037,7733.661170487777
18038,6432.584200147823
18039,6599.686413823124
18040,6569.286429847569
18041,7148.534843811399
18042,6343.097384956094
18043,5404.059387898375
18044,5416.511552851894
18045,4548.197829322309
18046,5350.196435609698
18047,4040.6841410247603
18048,5981.032571382917
18049,5701.012632660712
18050,4196.989491183272
18051,6819.043802912473
18052,5154.832890841433
18053,5048.937348137177
18054,5671.3567189904
18055,7828.820873370305
18056,5981.032571382917
18057,6329.922707067125
18058,5513.18471316771
18059,6630.715162348941
18060,3926.4682308517404
18061,6728.95365103198
18062,5490.354935090039
18063,6415.298028992886
18064,7767.176852699093
18065,7580.4896337352275
18066,7024.463947933309
18067,3392.2789074979232
18068,5833.478640912981
18069,7322.574549029259
18070,6538.230952721237
18071,7234.015763537532
18072,5778.61616586643
18073,6117.821839558048
18074,4891.56001453999
18075,6953.730458193363
18076,4398.599454372426
18077,5967.323829089128
18078,5350.2237035410235
18079,8090.503738988562
18080,6728.707272027118
18081,3951.536691814876
18082,8067.171510809233
18083,5048.937348137177
18084,8136.653530988946
18085,4441.196769493034
18086,4077.154562949924
18087,7926.183663304738
18088,4368.368043000828
18089,7041.470714002511
18090,4922.905826132326
18091,7506.721155029206
18092,7025.695398802829
18093,5005.221476776047
18094,3558.571982191833
18095,3558.571982191833
18096,4196.989491183272
18097,4891.56001453999
18098,6152.484725993582
18099,7462.037010371931
18100,5286.485033036375
18101,6039.9944999282
18102,7100.750800138608
18103,3558.571982191833
18104,7936.804752564968
18105,5645.3167646089205
18106,7073.1826201772055
18107,5501.918949098273
18108,6023.102309931114
18109,5460.009661466516
18110,6465.6844231448495
18111,6888.0041950213745
18112,7207.920543610537
18113,4475.664656114844
18114,8050.808848493081
18115,4592.511612338746
18116,7792.6760327659495
18117,5199.797820636814
18118,7489.267553382619
18119,5645.3167646089205
18120,5628.66111876072
18121,6767.809025531242
18122,4956.637827587092
18123,7303.301467301833
18124,6137.537965684508
18125,6040.181774621183
18126,5048.937348137177
18127,4813.030831034911
18128,6967.234048564034
18129,3833.241584773898
18130,5110.632700411515
18131,7792.6760327659495
18132,7588.077161669766
18133,5637.022459508492
18134,6630.715162348941
18135,6637.98902182854
18136,7427.900114241714
18137,5385.385486839929
18138,3457.885058525642
18139,6513.6835329100895
18140,4922.905826132326
18141,6670.504483324459
18142,7341.981654463361
18143,5219.279718564343
18144,6028.314736010201
18145,6538.546730911411
18146,5513.18471316771
18147,6334.600941840024
18148,5310.035848821099
18149,6221.794414116328
18150,7317.516768129055
18151,4998.543799920624
18152,6524.6111048353305
18153,7046.907644463248
18154,4151.451078245814
18155,7662.555701114559
18156,7498.860868468053
18157,5110.632700411515
18158,5830.49634773973
18159,6463.0337866953705
18160,7637.408307500882
18161,6457.521778213128
18162,6467.29548359236
18163,4979.208155819057
18164,6887.895329510792
18165,4178.686459371135
18166,4481.051206732714
18167,7210.0268207817635
18168,8050.808848493081
18169,5706.215731489294
18170,5825.595670732399
18171,7327.628760828507
18172,6042.172270157303
18173,4343.787787460858
18174,7813.104900422566
18175,5683.782916751609
18176,7406.483478066379
18177,7750.76699893693
18178,5505.551151762136
18179,5825.595670732399
18180,7927.147526778365
18181,7317.516768129055
18182,7219.5313366353375
18183,6102.675098556579
18184,7179.981066110711
18185,7073.1826201772055
18186,3457.885058525642
18187,7047.4809213906055
18188,6153.362915181526
18189,5645.3167646089205
18190,3365.194142433067
18191,6728.95365103198
18192,6140.183779882024
18193,4823.822158479547
18194,7947.018599474453
18195,5735.892821825295
18196,6106.908226783225
18197,6114.542216480912
18198,6374.252765183935
18199,7753.452739477172
18200,7896.647021057137
18201,5894.806550277932
18202,5429.655124043173
18203,8141.372945255577
18204,5276.728475204416
18205,3558.571982191833
18206,7864.622826479872
18207,7043.059836376126
18208,5573.88887058641
18209,5669.1644026920585
18210,6315.030355719334
18211,5997.821082962814
18212,4592.511612338746
18213,4759.79120240037
18214,6819.043802912473
18215,4148.203656390662
18216,5735.892821825295
18217,7179.513958039881
18218,6076.1316471371565
18219,5729.1923661744195
18220,3385.970291544323
18221,7927.147526778365
18222,6070.435187517358
18223,4801.69186073914
18224,7146.713888502163
18225,5392.337809979808
18226,6552.276982986979
18227,4538.372490949205
18228,5430.374813423198
18229,5914.112436008838
18230,6510.1676036241315
18231,6102.675098556579
18232,4290.9870313428955
18233,7379.339069358833
18234,7031.131647168717
18235,5409.529725144088
18236,7303.301467301833
18237,3365.194142433067
18238,5385.385486839929
18239,5642.41565658548
18240,5830.49634773973
18241,4774.096809413186
18242,6324.159640092096
18243,4343.787787460858
18244,5628.66111876072
18245,5121.0056181850705
18246,6555.885946837932
18247,4479.166562799699
18248,4930.707547712413
18249,5028.899273241554
18250,6186.0199668781515
18251,6512.47191037923
18252,6953.730458193363
18253,7209.825872466441
18254,4275.825363568081
18255,7920.261858581728
18256,6514.072279386533
18257,7526.469196849574
18258,6663.840051799262
18259,7327.628760828507
18260,7198.919366168192
18261,5485.799524978139
18262,5280.096151967876
18263,6816.20500346044
18264,4979.208155819057
18265,4870.124819039669
18266,4475.664656114844
18267,6126.512536942309
18268,7029.778386849137
18269,7775.057665556427
18270,5244.449351642661
18271,6101.86499195226
18272,5678.811730172002
18273,6630.715162348941
18274,5416.511552851894
18275,7100.750800138608
18276,4074.2155272802947
18277,7179.513958039881
18278,7526.469196849574
18279,7193.959727613022
18280,5894.806550277932
18281,4290.9870313428955
18282,8050.808848493081
18283,7904.64532871804
18284,5448.249140690821
18285,6903.055759997274
18286,7813.104900422566
18287,6042.172270157303
18288,7317.516768129055
18289,7637.086073203643
18290,7602.7102852492435
18291,5280.096151967876
18292,7927.147526778365
18293,7073.1826201772055
18294,6126.512536942309
18295,4475.664656114844
18296,6539.71136821098
18297,6819.043802912473
18298,7041.470714002511
18299,3789.9276734940963
18300,6538.230952721237
18301,5121.0056181850705
18302,5637.022459508492
18303,5429.703758992239
18304,6819.043802912473
18305,5825.595670732399
18306,6334.600941840024
18307,3371.120023862506
18308,5239.754905220072
18309,4666.887726517354
18310,5121.0056181850705
18311,7636.589254350161
18312,5287.187051400985
18313,6384.549875253123
18314,7025.695398802829
18315,7534.548467582895
18316,4275.369327641559
18317,6175.950565450142
18318,8085.4529376635655
18319,4729.167126472608
18320,7132.963982577313
18321,4998.543799920624
18322,6819.043802912473
18323,5722.92835605147
18324,7379.339069358833
18325,5673.42203874529
18326,7380.032379117104
18327,7715.29763844872
18328,7875.418214768266
18329,5167.716853560297
18330,5722.92835605147
18331,3631.254787974167
18332,7246.273055578693
18333,5222.264248374196
18334,7148.534843811399
18335,4877.870148824604
18336,7348.210417731509
18337,7179.981066110711
18338,5941.264204995696
18339,3148.584548652634
18340,5479.671886237162
18341,5645.3167646089205
18342,5876.6649528678345
18343,3365.194142433067
18344,7241.028793119053
18345,4545.967220536345
18346,6076.1316471371565
18347,4216.12902508415
18348,6213.382455585623
18349,5923.197701469774
18350,7025.695398802829
18351,7024.463947933309
18352,7761.975022884185
18353,5430.374813423198
18354,4801.69186073914
18355,4164.879209890878
18356,5809.454736830486
18357,5894.868985750707
18358,5615.060988174777
18359,6724.64017837708
18360,3846.544369593287
18361,3746.556069680127
18362,4241.330875247125
18363,5573.88887058641
18364,6153.362915181526
18365,7137.75715826376
18366,5591.60222346945
18367,5738.020529464946
18368,7198.919366168192
18369,5479.671886237162
18370,5520.185020887146
18371,5931.758578755155
18372,7927.147526778365
18373,7179.513958039881
18374,5692.940040111851
18375,7048.40423987734
18376,5102.029279442703
18377,6654.236410115055
18378,5473.927426175132
18379,7052.080144199609
18380,6003.758750356753
18381,6321.559240721448
18382,6102.675098556579
18383,7317.516768129055
18384,7046.907644463248
18385,5479.671886237162
18386,5392.337809979808
18387,3951.536691814876
18388,6599.686413823124
18389,4993.875812433144
18390,6538.230952721237
18391,5931.758578755155
18392,5166.571013525778
18393,7246.273055578693
18394,5500.513786119414
18395,3068.2457992360464
18396,4571.293925782196
18397,3833.241584773898
18398,4432.276602711121
18399,6218.355513960401
18400,6447.290165112203
18401,4040.6841410247603
18402,5841.369605879711
18403,5404.059387898375
18404,7936.804752564968
18405,5295.047639352887
18406,7896.647021057137
18407,6475.413205440012
18408,6415.298028992886
18409,5894.868985750707
18410,6940.77439963513
18411,6475.413205440012
18412,7241.028793119053
18413,6215.225682084842
18414,7599.595062893611
18415,7565.679213082782
18416,7341.981654463361
18417,4993.505292165596
18418,5457.315085418566
18419,5762.298061792916
18420,6807.621902573088
18421,6457.521778213128
18422,6651.860086833943
18423,6233.047773577099
18424,4381.8514084660665
18425,6434.98057384499
18426,6724.64017837708
18427,7379.339069358833
18428,6598.457009238154
18429,7046.907644463248
18430,6870.691200089897
18431,5582.378698968703
18432,5460.009661466516
18433,6886.077070855614
18434,5332.584461056561
18435,6181.306152134359
18436,6023.102309931114
18437,5698.729550159317
18438,5894.868985750707
18439,5678.811730172002
18440,6126.512536942309
18441,5706.215731489294
18442,7372.172029105267
18443,6374.252765183935
18444,7137.75715826376
18445,4823.822158479547
18446,4666.747643270385
18447,6225.503392107485
18448,6152.484725993582
18449,7599.595062893611
18450,7927.147526778365
18451,7698.497594707056
18452,6500.7925588906755
18453,8067.171510809233
18454,7234.015763537532
18455,3969.537428707128
18456,5276.9219997897435
18457,4759.79120240037
18458,6876.371162531932
18459,6418.151564866211
18460,7087.107983105196
18461,7184.439983595355
18462,4123.688929544299
18463,7046.907644463248
18464,4281.182774459456
18465,5452.4735603111285
18466,5183.39599338614
18467,5084.814442718932
18468,5628.66111876072
18469,4196.989491183272
18470,6197.992777778883
18471,7100.750800138608
18472,6032.947476642878
18473,4985.663612517441
18474,4072.8770985580322
18475,4998.543799920624
18476,5566.560554557514
18477,4275.369327641559
18478,6329.922707067125
18479,7489.267553382619
18480,7745.031374382606
18481,5140.564053499829
18482,5164.7951399273215
18483,6818.046167812439
18484,7025.695398802829
18485,5114.207480206616
18486,6475.413205440012
18487,7025.695398802829
18488,5994.793850842822
18489,5492.1544123428375
18490,7489.267553382619
18491,5841.369605879711
18492,7317.516768129055
18493,6598.457009238154
18494,5761.943324882943
18495,5944.563481922111
18496,7207.920543610537
18497,6603.580128479914
18498,3631.254787974167
18499,4196.989491183272
18500,7006.0997337994
18501,6762.142007028686
18502,5910.480328521001
18503,3851.5557839063686
18504,5678.811730172002
18505,6028.314736010201
18506,5529.233754616933
18507,6095.5747449715955
18508,5805.315531478407
18509,5457.315085418566
18510,5337.0901892831125
18511,4977.752517821304
18512,7513.166919635655
18513,7250.90425753229
18514,5430.374813423198
18515,6218.355513960401
18516,3666.8307614736864
18517,7312.7334431612535
18518,6967.234048564034
18519,6373.161841716169
18520,4979.208155819057
18521,8111.989330194423
18522,6663.840051799262
18523,6580.237018508326
18524,6870.691200089897
18525,5974.538076651376
18526,5674.907086134943
18527,4148.203656390662
18528,4569.858401651181
18529,4316.144101185838
18530,4461.155911738117
18531,5739.0829001250395
18532,7241.028856569737
18533,6935.956049889917
18534,5998.194981979271
18535,6538.715826983507
18536,3371.120023862506
18537,6233.047773577099
18538,7022.726382685144
18539,6102.675098556579
18540,7767.176852699093
18541,5084.814442718932
18542,6462.859900096653
18543,5706.215731489294
18544,7188.382222162515
18545,5442.876485772686
18546,6276.045478374612
18547,5407.933845272657
18548,6322.266620668832
18549,7786.979240030059
18550,5403.905107560924
18551,4871.99831151502
18552,6913.123242042102
18553,5765.665230950906
18554,6456.051054815323
18555,7927.147526778365
18556,5973.609190367147
18557,7580.921605989952
18558,6453.126295549528
18559,6126.512536942309
18560,4072.8770985580322
18561,6114.542216480912
18562,5978.286441654449
18563,5894.806550277932
18564,7327.628760828507
18565,7860.922017764244
18566,6065.265432023068
18567,7882.661332391605
18568,3469.924556094956
18569,5931.758578755155
18570,6181.318112588238
18571,6513.6835329100895
18572,5830.49634773973
18573,4993.505292165596
18574,7761.975022884185
18575,7305.229099073063
18576,7348.210417731509
18577,7246.299181397713
18578,6703.085505239327
18579,5140.564053499829
18580,6406.511774878953
18581,7130.8360052722555
18582,4979.208155819057
18583,6567.99520843399
18584,5121.0056181850705
18585,5825.595670732399
18586,7526.469196849574
18587,5628.66111876072
18588,6177.019709470723
18589,5941.551684180932
18590,6538.230952721237
18591,7043.059836376126
18592,6417.088639012634
18593,6819.043802912473
18594,4837.265550014046
18595,7774.846485818358
18596,7580.431322556895
18597,6290.372785521259
18598,7363.917840699615
18599,5722.92835605147
18600,4479.166562799699
18601,6789.881773501521
18602,5350.196435609698
18603,6175.950565450142
18604,5722.92835605147
18605,4275.332891086435
18606,6953.730458193363
18607,7406.483478066379
18608,7006.0997337994
18609,7927.147526778365
18610,5156.025573343204
18611,4281.182774459456
18612,5573.88887058641
18613,4164.879209890878
18614,6934.217247353422
18615,5345.928837799123
18616,4813.030831034911
18617,5701.012632660712
18618,6670.504483324459
18619,5403.905107560924
18620,6536.240520635802
18621,3837.2863755086114
18622,3385.970291544323
18623,5701.012632660712
18624,5683.782916751609
18625,4343.787787460858
18626,7310.786728596896
18627,7637.086073203643
18628,6123.462446713509
18629,7048.40423987734
18630,7317.516768129055
18631,5677.11076010567
18632,6663.249944578051
18633,6511.345581429953
18634,5941.551684180932
18635,5706.215731489294
18636,6102.675098556579
18637,5249.753574998412
18638,4459.675797639122
18639,6513.6835329100895
18640,5894.868985750707
18641,6105.751727033842
18642,4290.9870313428955
18643,3631.254787974167
18644,6321.559240721448
18645,5830.49634773973
18646,5812.259955008163
18647,6752.2529007184485
18648,6847.207530991214
18649,7753.452739477172
18650,4196.989491183272
18651,5935.748484648455
18652,5416.511552851894
18653,5585.052907347182
18654,6825.467708758383
18655,4147.482935937027
18656,5818.456564642338
18657,5440.37113552624
18658,7305.229099073063
18659,7786.979240030059
18660,5460.009661466516
18661,5964.10551523513
18662,3324.112886223779
18663,4823.822158479547
18664,6608.849216019558
18665,7502.700840395735
18666,6872.546022201565
18667,2634.544878221752
18668,6913.123242042102
18669,6647.531782581725
18670,6321.475311329566
18671,6152.484725993582
18672,5392.337809979808
18673,5964.10551523513
18674,5778.916097248345
18675,6463.0337866953705
18676,7380.032379117104
18677,7350.126406302276
18678,7179.513958039881
18679,6878.881620558416
18680,4171.048504005714
18681,5894.806550277932
18682,5841.369605879711
18683,6538.230952721237
18684,5914.112436008838
18685,5860.827281508732
18686,6084.040536922035
18687,3808.7726217331633
18688,5671.3567189904
18689,7828.820873370305
18690,7375.733611158156
18691,7234.015763537532
18692,7024.463947933309
18693,5156.025573343204
18694,4335.480601871636
18695,6453.126295549528
18696,7309.1090132061445
18697,4823.822158479547
18698,7580.921605989952
18699,5304.93376348099
18700,6514.072279386533
18701,8106.929756812402
18702,5735.892821825295
18703,4074.2155272802947
18704,7110.523046152114
18705,7767.176852699093
18706,6569.286429847569
18707,3322.2613952730067
18708,6647.531782581725
18709,6976.672877097296
18710,4216.086243460657
18711,6123.462446713509
18712,5517.849670885042
18713,6132.520364929764
18714,4857.895746690088
18715,3666.8307614736864
18716,6276.013578543375
18717,4710.270672141037
18718,6663.840051799262
18719,5785.754002942816
18720,6039.9944999282
18721,5337.907164423943
18722,6789.881773501521
18723,7046.907644463248
18724,2553.581345785304
18725,7936.804752564968
18726,7702.987127146591
18727,1974.7991039947215
18728,5789.889131588467
18729,6743.35379956353
18730,3833.241584773898
18731,6538.230952721237
18732,6932.418864624917
18733,8189.081197086671
18734,6127.230465565862
18735,5995.843103074059
18736,5448.249140690821
18737,7303.301467301833
18738,5480.467541948263
18739,5505.551151762136
18740,6147.905997755416
18741,6220.999218422683
18742,7462.037010371931
18743,7767.176852699093
18744,5696.76061199299
18745,3365.194142433067
18746,6042.172270157303
18747,6688.469069189667
18748,7733.661170487777
18749,6280.336790878224
18750,6903.055759997274
18751,5084.814442718932
18752,8305.162620811565
18753,6903.055759997274
18754,6186.0199668781515
18755,5416.511552851894
18756,7767.176852699093
18757,4165.08816885502
18758,5973.609190367147
18759,5505.551151762136
18760,5102.029279442703
18761,5742.522006495689
18762,6152.484725993582
18763,7637.408291638212
18764,6456.051054815323
18765,4164.526979282911
18766,7317.516768129055
18767,6921.1928206834855
18768,7860.922017764244
18769,5403.905107560924
18770,6693.922909257614
18771,5851.602805247728
18772,5627.016603940221
18773,7303.301467301833
18774,5005.221476776047
18775,4275.369327641559
18776,4290.309568392881
18777,7053.259882761903
18778,5831.894578731391
18779,7046.907644463248
18780,5894.806550277932
18781,7750.76699893693
18782,5959.071813869394
18783,5485.799524978139
18784,8067.171510809233
18785,7053.259882761903
18786,6913.123242042102
18787,5617.029783577065
18788,6290.372785521259
18789,6152.484725993582
18790,6472.571550707213
18791,6838.573986810308
18792,4178.686459371135
18793,5276.9219997897435
18794,6495.908220434402
18795,5678.811730172002
18796,4043.9832434617965
18797,3969.537428707128
18798,5830.49634773973
18799,5825.595670732399
18800,4569.858401651181
18801,6126.763531984409
18802,7470.609277055039
18803,6536.240520635802
18804,5485.799524978139
18805,7470.609277055039
18806,6762.142007028686
18807,3789.9276734940963
18808,4520.830232834798
18809,6140.183779882024
18810,6373.161841716169
18811,7882.661332391605
18812,3457.885058525642
18813,5471.028253397546
18814,5048.937348137177
18815,4380.38016160012
18816,4178.686459371135
18817,6663.840051799262
18818,5830.49634773973
18819,6373.161841716169
18820,6137.691373575057
18821,6137.537965684508
18822,3371.120023862506
18823,5219.279718564343
18824,6965.546561767993
18825,5883.787165213356
18826,5706.215731489294
18827,7588.077161669766
18828,6709.183528373681
18829,6153.362915181526
18830,6093.102515982048
18831,6784.787762260913
18832,5627.016603940221
18833,5102.029279442703
18834,6336.326403870271
18835,8261.39318121071
18836,4381.975946295526
18837,5973.609190367147
18838,6663.738514842648
18839,4475.664656114844
18840,3271.8691795208115
18841,7513.166919635655
18842,6878.881620558416
18843,5895.885037411688
18844,6894.573482246342
18845,5199.823978181175
18846,4538.372490949205
18847,5643.267275799618
18848,7559.682409651624
18849,6105.751727033842
18850,5831.894578731391
18851,7745.031374382606
18852,3371.120023862506
18853,5729.1923661744195
18854,7763.008317268467
18855,6569.286429847569
18856,2553.581345785304
18857,4148.203656390662
18858,6428.093969750768
18859,4868.6661354090975
18860,6821.814345291502
18861,4453.66903245062
18862,6039.087757932587
18863,5914.112436008838
18864,5833.478640912981
18865,7368.655037020358
18866,8136.653530988946
18867,6039.9944999282
18868,6818.046167812439
18869,5615.060988174777
18870,6372.4591729820495
18871,6406.511774878953
18872,6372.4591729820495
18873,5617.029783577065
18874,7317.516768129055
18875,5121.0056181850705
18876,6728.707272027118
18877,6342.408548471025
18878,5202.122399885358
18879,3385.970291544323
18880,5473.927426175132
18881,6808.098829637224
18882,6834.468315144573
18883,5941.551684180932
18884,6606.418769305237
18885,5404.059387898375
18886,6417.088639012634
18887,8408.319076813244
18888,6647.531782581725
18889,5448.249140690821
18890,5577.538553913635
18891,5385.385486839929
18892,5429.703758992239
18893,6674.324785540192
18894,7813.104868697225
18895,7896.647021057137
18896,7774.846485818358
18897,7927.147526778365
18898,4183.591260672906
18899,6299.217477714893
18900,6512.47191037923
18901,5994.793850842822
18902,8136.653530988946
18903,4040.6841410247603
18904,4320.462364367358
18905,7312.7334431612535
18906,6819.043802912473
18907,5513.18471316771
18908,5931.758578755155
18909,7599.595062893611
18910,5998.147251202446
18911,4380.38016160012
18912,5974.761819624823
18913,5701.012632660712
18914,7489.267553382619
18915,5804.78392578758
18916,5121.0056181850705
18917,5105.998167297023
18918,7047.4809213906055
18919,3198.7514351642894
18920,4998.543799920624
18921,6432.584200147823
18922,6932.300529099791
18923,6322.266620668832
18924,6654.236410115055
18925,7317.516768129055
18926,5762.298061792916
18927,7534.548467582895
18928,6838.573986810308
18929,5894.806550277932
18930,6692.428185638694
18931,6663.840051799262
18932,4251.021983698831
18933,5671.869638454873
18934,7094.665451278324
18935,6555.885946837932
18936,5166.571013525778
18937,5568.024060440046
18938,6417.088639012634
18939,7317.516768129055
18940,5203.400851848839
18941,6225.503392107485
18942,4074.2155272802947
18943,7231.932867943254
18944,4979.208155819057
18945,5448.249140690821
18946,6903.055759997274
18947,2221.806889268895
18948,6539.71136821098
18949,7375.733611158156
18950,3746.556069680127
18951,4196.989491183272
18952,8189.081197086671
18953,6137.691373575057
18954,3371.120023862506
18955,3457.885058525642
18956,6095.5747449715955
18957,7146.713888502163
18958,5304.93376348099
18959,6364.142041498156
18960,4525.604420904145
18961,5568.871539497071
18962,5304.93376348099
18963,5500.538373259354
18964,6462.859900096653
18965,8106.929756812402
18966,5002.291276614124
18967,7582.551082998409
18968,5978.286441654449
18969,5286.485033036375
18970,4930.707547712413
18971,5436.930220811104
18972,7380.032379117104
18973,5154.832890841433
18974,4186.740968475137
18975,6475.413205440012
18976,5801.8939850844745
18977,5953.527778654547
18978,5644.989898411768
18979,4813.030831034911
18980,6315.030355719334
18981,7375.733611158156
18982,6692.372111096963
18983,5393.743924718922
18984,6710.226800377976
18985,5941.264204995696
18986,4592.511612338746
18987,4275.369327641559
18988,6726.744948594568
18989,5840.121816459135
18990,7317.516768129055
18991,5114.207480206616
18992,6703.085505239327
18993,7137.75715826376
18994,5492.1544123428375
18995,5818.456564642338
18996,6883.115351566557
18997,5805.315531478407
18998,6276.045478374612
18999,6392.478688552688
19000,6175.950565450142
19001,5818.456564642338
19002,4993.505292165596
19003,6599.686413823124
19004,6870.691200089897
19005,7781.573955597824
19006,7688.2435993774525
19007,7047.399545888742
19008,5410.956239278015
19009,4891.56001453999
19010,6580.237018508326
19011,4710.270672141037
19012,5501.918949098273
19013,6220.999218422683
19014,6511.345581429953
19015,5028.899273241554
19016,6692.372111096963
19017,6758.2968797329495
19018,5894.806550277932
19019,5830.49634773973
19020,6637.98902182854
19021,5183.39599338614
19022,7263.633400582893
19023,7553.906906342587
19024,5998.194981979271
19025,7634.662019145705
19026,5701.012632660712
19027,6153.362915181526
19028,6164.139347578159
19029,6846.147333517038
19030,7291.5906918621695
19031,5287.187051400985
19032,7074.554979152584
19033,6887.895329510792
19034,8079.532624031623
19035,7188.382222162515
19036,6846.278708157668
19037,7733.661170487777
19038,4774.096809413186
19039,7024.463947933309
19040,7073.1826201772055
19041,6752.2529007184485
19042,4415.684788250737
19043,5645.3167646089205
19044,5934.256616310302
19045,6538.230952721237
19046,7662.555701114559
19047,6888.0041950213745
19048,4398.523884608122
19049,5902.8903418724685
19050,5914.112436008838
19051,6878.881620558416
19052,5429.655124043173
19053,4343.787787460858
19054,7006.0997337994
19055,6027.821898687125
19056,5941.551684180932
19057,6140.183779882024
19058,5617.029783577065
19059,4072.8770985580322
19060,4291.102828840673
19061,5706.215731489294
19062,4922.905826132326
19063,5429.655124043173
19064,5479.671886237162
19065,5448.249140690821
19066,6564.019610669869
19067,6329.922707067125
19068,4956.637827587092
19069,4275.825363568081
19070,5812.259955008163
19071,5851.602805247728
19072,5723.798042847795
19073,6940.77439963513
19074,5393.743924718922
19075,6976.915385610449
19076,5841.369605879711
19077,7526.469196849574
19078,5393.743924718922
19079,4380.38016160012
19080,6644.931145271012
19081,6463.0337866953705
19082,6726.744948594568
19083,4871.99831151502
19084,7309.1090132061445
19085,1974.7991039947215
19086,7046.907644463248
19087,3469.924556094956
19088,5457.315085418566
19089,7317.535057788634
19090,6432.584200147823
19091,6117.821839558048
19092,5653.373653113562
19093,7137.75715826376
19094,6690.055336282515
19095,7132.963982577313
19096,5953.527778654547
19097,3969.537428707128
19098,5501.918949098273
19099,7052.080144199609
19100,7580.921605989952
19101,5894.868985750707
19102,4040.6841410247603
19103,4178.686459371135
19104,7007.471236190548
19105,6114.542216480912
19106,4543.280306158453
19107,4759.79120240037
19108,7470.913174104686
19109,4038.5666013571745
19110,6417.088639012634
19111,7999.908821056453
19112,5310.035848821099
19113,4922.905826132326
19114,6457.521778213128
19115,7921.778345785162
19116,7100.750800138608
19117,6531.39533125138
19118,5831.894578731391
19119,6744.947712463766
19120,4679.461589882237
19121,6215.225682084842
19122,7920.261858581728
19123,5529.233754616933
19124,5184.090857686162
19125,7380.032379117104
19126,3457.885058525642
19127,4520.830232834798
19128,4170.404273351296
19129,7882.661332391605
19130,5084.814442718932
19131,6472.571550707213
19132,4922.905826132326
19133,6175.950565450142
19134,5427.978677666096
19135,5154.832890841433
19136,6617.610137448019
19137,5214.813424937719
19138,4178.686459371135
19139,5404.059387898375
19140,6384.549875253123
19141,6107.7802771175175
19142,7755.564187879121
19143,6221.794414116328
19144,5729.1923661744195
19145,7038.977831815415
19146,7781.573955597824
19147,7637.39593461756
19148,4077.154562949924
19149,5673.42203874529
19150,7029.778386849137
19151,4441.196769493034
19152,5353.194639041891
19153,4164.526979282911
19154,3808.7726217331633
19155,7291.5906918621695
19156,7317.516768129055
19157,8026.901804707315
19158,6152.484725993582
19159,6070.435187517358
19160,3789.9276734940963
19161,4164.879209890878
19162,4993.505292165596
19163,5894.806550277932
19164,6838.573986810308
19165,7779.10961035573
19166,6538.230952721237
19167,5001.503536375815
19168,7052.080144199609
19169,5941.551684180932
19170,5974.761819624823
19171,5880.057391260612
19172,5735.892821825295
19173,6692.428185638694
19174,5375.643316450503
19175,6630.715162348941
19176,5939.962339729924
19177,5941.264204995696
19178,4072.8770985580322
19179,4357.2848741364505
19180,5452.4735603111285
19181,7038.977831815415
19182,6744.947712463766
19183,5304.93376348099
19184,5739.0829001250395
19185,6651.860086833943
19186,4343.787787460858
19187,6385.691638581212
19188,6164.139347578159
19189,5156.025573343204
19190,5253.08484693209
19191,4186.740968475137
19192,6762.142007028686
19193,6373.161841716169
19194,6485.327929963798
19195,4453.66903245062
19196,5953.527778654547
19197,6692.428185638694
19198,7349.225247966829
19199,5706.215731489294
19200,5880.8480026423595
19201,6292.750393678717
19202,4729.167126472608
19203,6342.408548471025
19204,7159.675261055157
19205,5304.93376348099
19206,2575.591578969453
19207,6315.030355719334
19208,5683.782916751609
19209,6651.860086833943
19210,6608.849216019558
19211,6502.979703958295
19212,3789.9276734940963
19213,5722.92835605147
19214,6514.072279386533
19215,4455.410341289124
19216,6324.159640092096
19217,5500.513786119414
19218,4148.203656390662
19219,5723.798042847795
19220,5407.933845272657
19221,7348.210417731509
19222,4993.875812433144
19223,7926.183663304738
19224,6728.707272027118
19225,7047.4809213906055
19226,6564.019610669869
19227,6820.894278652307
19228,4993.505292165596
19229,6429.538519741541
19230,6846.147333517038
19231,3385.970291544323
19232,5490.354935090039
19233,7637.39593461756
19234,3631.254787974167
19235,8073.455507897552
19236,3680.329117162952
19237,4958.547534540174
19238,7771.430031341792
19239,7322.574549029259
19240,6847.207530991214
19241,6539.71136821098
19242,6555.885946837932
19243,6220.999218422683
19244,1768.3700455148228
19245,5940.945841190161
19246,6182.567107571806
19247,4398.599454372426
19248,4525.604420904145
19249,5722.92835605147
19250,5955.301685281808
19251,6001.847393685895
19252,6821.814345291502
19253,5706.215731489294
19254,7231.932867943254
19255,6126.177691821679
19256,6688.469069189667
19257,6028.314736010201
19258,7322.574549029259
19259,5490.354935090039
19260,5706.215731489294
19261,6147.906775026293
19262,4748.878763463195
19263,7534.548467582895
19264,5955.301685281808
19265,4164.879209890878
19266,7181.376616310988
19267,5275.304419784482
19268,5568.871539497071
19269,5219.279718564343
19270,4038.5666013571745
19271,5368.497421137285
19272,7024.463947933309
19273,6426.212022471812
19274,5156.025573343204
19275,7022.726382685144
19276,3519.7475399008817
19277,6190.138836286101
19278,6513.6835329100895
19279,6663.840051799262
19280,4072.8770985580322
19281,6373.161841716169
19282,7786.979240030059
19283,6418.151564866211
19284,3685.5095640974478
19285,6607.273069310761
19286,6606.418769305237
19287,7375.733611158156
19288,7553.906906342587
19289,5644.989898411768
19290,5964.10551523513
19291,7502.700840395735
19292,5805.315531478407
19293,4729.167126472608
19294,6364.96866114291
19295,6426.212022471812
19296,5696.76061199299
19297,7733.661170487777
19298,6654.236410115055
19299,5448.249140690821
19300,2975.7567197683666
19301,6233.047773577099
19302,4196.989491183272
19303,6472.571550707213
19304,5894.868985750707
19305,6146.558368684017
19306,7781.573955597824
19307,4461.155911738117
19308,7896.647021057137
19309,7779.10961035573
19310,4368.368043000828
19311,6276.045478374612
19312,5276.9219997897435
19313,6903.055759997274
19314,5931.262108880436
19315,6637.98902182854
19316,6417.088639012634
19317,5941.551684180932
19318,5457.315085418566
19319,6324.159640092096
19320,3666.8307614736864
19321,5698.729550159317
19322,6107.7802771175175
19323,4455.410341289124
19324,5778.29704065269
19325,5894.806550277932
19326,5573.88887058641
19327,6150.082657597553
19328,8239.162171372576
19329,6506.127666866723
19330,5529.237561657957
19331,6181.306152134359
19332,5097.396078792569
19333,6336.326403870271
19334,5632.030223164563
19335,8079.532624031623
19336,5706.215731489294
19337,3457.885058525642
19338,7588.077161669766
19339,7686.06256143814
19340,6070.435187517358
19341,6744.947712463766
19342,6495.908220434402
19343,6343.097384956094
19344,8136.653530988946
19345,6343.097384956094
19346,7518.296939139267
19347,6181.306152134359
19348,4932.3354701791195
19349,6147.906775026293
19350,5940.945841190161
19351,7882.661332391605
19352,6663.840051799262
19353,7132.388262798634
19354,5619.989456581573
19355,6114.542216480912
19356,5944.563481922111
19357,7813.104900422566
19358,5345.928837799123
19359,6821.814345291502
19360,6150.082657597553
19361,5617.029783577065
19362,7305.229099073063
19363,6175.950565450142
19364,5973.609190367147
19365,6727.365163165201
19366,5211.195451089679
19367,4164.879209890878
19368,5102.029279442703
19369,4891.56001453999
19370,6692.372111096963
19371,7303.410301087074
19372,4196.989491183272
19373,7767.176852699093
19374,6426.212022471812
19375,5102.029279442703
19376,4969.8770348214
19377,5943.959320374459
19378,5722.92835605147
19379,7209.382621852685
19380,4998.543799920624
19381,5183.39599338614
19382,6819.043802912473
19383,5739.0829001250395
19384,4441.196769493034
19385,7322.158836012237
19386,6728.707272027118
19387,5931.758578755155
19388,6762.142007028686
19389,6953.730458193363
19390,8067.171510809233
19391,6513.6835329100895
19392,6467.479268497737
19393,5264.942050687095
19394,4907.505472748051
19395,5404.059387898375
19396,6126.512536942309
19397,4455.410341289124
19398,5941.551684180932
19399,7263.633400582893
19400,5276.728475204416
19401,7588.077161669766
19402,7317.535057788634
19403,5485.799524978139
19404,7263.633400582893
19405,6692.372111096963
19406,2553.581345785304
19407,6039.087757932587
19408,4930.707547712413
19409,5909.008938891016
19410,4040.6841410247603
19411,6838.573986810308
19412,5409.529725144088
19413,7502.700840395735
19414,4538.372490949205
19415,3324.112886223779
19416,6434.98057384499
19417,5939.962339729924
19418,6140.183779882024
19419,6233.047773577099
19420,5517.849670885042
19421,6846.278708157668
19422,5500.538357396683
19423,8111.989330194423
19424,6290.372785521259
19425,4891.56001453999
19426,5998.194981979271
19427,4398.599454372426
19428,5409.529725144088
19429,5393.743924718922
19430,4196.989491183272
19431,6692.428185638694
19432,5304.93376348099
19433,7197.072094687887
19434,7672.4501674213025
19435,7146.713888502163
19436,6392.478688552688
19437,5439.27483461303
19438,8050.808848493081
19439,6511.345581429953
19440,5974.229166997715
19441,6146.558368684017
19442,6692.428185638694
19443,6564.019610669869
19444,5392.337809979808
19445,5818.456564642338
19446,3501.9471326797857
19447,7786.979240030059
19448,5789.889131588467
19449,6752.2529007184485
19450,7637.086073203643
19451,6726.744948594568
19452,5997.821082962814
19453,7920.261858581728
19454,8141.372945255577
19455,4751.747590951295
19456,6432.584200147823
19457,5914.112436008838
19458,4653.851085590803
19459,5931.262108880436
19460,5722.92835605147
19461,5203.400851848839
19462,6727.365163165201
19463,6627.894969809909
19464,4089.899584534125
19465,7193.959727613022
19466,4525.604420904145
19467,5183.39599338614
19468,6531.39533125138
19469,4496.80797847008
19470,7231.932867943254
19471,7046.907644463248
19472,6511.345581429953
19473,6921.1928206834855
19474,5164.7951399273215
19475,6114.542216480912
19476,7526.469196849574
19477,7047.4809213906055
19478,6977.797492878112
19479,5448.249140690821
19480,3833.241584773898
19481,7029.778386849137
19482,5894.868985750707
19483,5644.989898411768
19484,4303.863792409157
19485,6816.20500346044
19486,5501.918949098273
19487,6065.265432023068
19488,5430.374813423198
19489,6392.478688552688
19490,5166.571013525778
19491,5735.892821825295
19492,6218.355513960401
19493,6630.715162348941
19494,7181.376616310988
19495,4877.870148824604
19496,5368.497421137285
19497,3457.885058525642
19498,7317.535057788634
19499,5951.681649286547
19500,6181.306152134359
19501,4040.6841410247603
19502,6630.715162348941
19503,6608.849216019558
19504,5829.308170236502
19505,6934.217247353422
19506,4930.707547712413
19507,6482.036013316693
19508,7775.057665556427
19509,7137.75715826376
19510,8189.081197086671
19511,7188.382222162515
19512,7241.028793119053
19513,7771.430031341792
19514,7047.399545888742
19515,7006.0997337994
19516,7179.981066110711
19517,6509.27250482898
19518,5821.739661644406
19519,2553.581345785304
19520,4207.995741956318
19521,5998.194981979271
19522,7198.919366168192
19523,4165.08816885502
19524,4813.030831034911
19525,6703.085505239327
19526,4171.048504005714
19527,7043.059836376126
19528,6267.260239471619
19529,7246.299181397713
19530,5673.42203874529
19531,4148.203656390662
19532,7327.628760828507
19533,5722.92835605147
19534,7303.301467301833
19535,6225.503392107485
19536,6821.814345291502
19537,4479.166562799699
19538,4679.461589882237
19539,6315.030355719334
19540,3617.672423579664
19541,4290.9870313428955
19542,3851.5557839063686
19543,6137.537965684508
19544,5722.92835605147
19545,4038.5666013571745
19546,6028.314736010201
19547,4170.404273351296
19548,4520.830232834798
19549,3146.247659971449
19550,5410.244830212216
19551,4514.040248269202
19552,7792.6760327659495
19553,6299.607144226252
19554,4562.4575139027875
19555,4479.166562799699
19556,5994.793850842822
19557,5409.529725144088
19558,6811.822750264395
19559,6475.413205440012
19560,6140.183779882024
19561,6935.956049889917
19562,8196.451517468187
19563,4958.547534540174
19564,6186.0199668781515
19565,5833.478640912981
19566,4089.899584534125
19567,4028.0915121201688
19568,6095.5747449715955
19569,5941.551684180932
19570,6102.675098556579
19571,7491.779597676195
19572,6467.29548359236
19573,5738.020529464946
19574,3198.7514351642894
19575,7047.4809213906055
19576,5460.009661466516
19577,4798.453258529025
19578,7148.534748635372
19579,7860.922017764244
19580,4868.6661354090975
19581,4432.276602711121
19582,7904.64532871804
19583,7052.080144199609
19584,5199.823978181175
19585,5276.728475204416
19586,5473.927426175132
19587,4365.47037717698
19588,6094.210920113176
19589,6692.337673238377
19590,7513.166919635655
19591,7046.907644463248
19592,4343.787787460858
19593,6039.087757932587
19594,5404.060910714783
19595,5653.373653113562
19596,5408.612640687029
19597,7565.679213082782
19598,5483.201251205394
19599,6903.055759997274
19600,5869.225312614361
19601,7763.008317268467
19602,7263.633400582893
19603,6617.610137448019
19604,8196.451517468187
19605,7031.131647168717
19606,7860.922017764244
19607,6315.030355719334
19608,5939.962339729924
19609,7456.750188366188
19610,6432.584200147823
19611,5830.49634773973
19612,5430.374813423198
19613,6415.298028992886
19614,5935.748484648455
19615,5189.0094277863
19616,6315.030355719334
19617,5782.861254546957
19618,7132.963982577313
19619,7303.429494918897
19620,7702.987127146591
19621,6155.160996519281
19622,7027.341214362343
19623,6213.382455585623
19624,5110.732413160971
19625,5735.892821825295
19626,7722.843653773438
19627,7110.523062014785
19628,6324.159640092096
19629,6820.894278652307
19630,5974.229166997715
19631,8239.162171372576
19632,5674.907086134943
19633,6175.950565450142
19634,6360.8615459741195
19635,6977.797492878112
19636,7341.981654463361
19637,4813.030831034911
19638,4891.56001453999
19639,3846.544369593287
19640,6903.055759997274
19641,6215.225682084842
19642,6406.511774878953
19643,6637.98902182854
19644,3629.3808672067016
19645,6767.809025531242
19646,5457.315085418566
19647,5392.337809979808
19648,7210.0268207817635
19649,7763.008317268467
19650,6495.908220434402
19651,6070.435187517358
19652,4028.0915121201688
19653,6886.077070855614
19654,5876.6649528678345
19655,8141.372945255577
19656,6432.584200147823
19657,4453.670856657776
19658,3371.120023862506
19659,6967.234048564034
19660,8026.901804707315
19661,6123.462446713509
19662,4275.369327641559
19663,7753.452739477172
19664,3409.652355068308
19665,4170.873173903941
19666,5931.262108880436
19667,7926.183663304738
19668,6140.183779882024
19669,7146.713888502163
19670,6482.036013316693
19671,7047.399545888742
19672,6663.840051799262
19673,7156.536561946552
19674,7565.679213082782
19675,5978.286441654449
19676,7864.622826479872
19677,6415.298028992886
19678,4548.197829322309
19679,4380.38016160012
19680,6511.345581429953
19681,6465.6844231448495
19682,4710.270672141037
19683,4528.628068060507
19684,6856.642695247489
19685,6152.484725993582
19686,5582.631216827213
19687,3808.7726217331633
19688,4311.442516561331
19689,7586.582961518987
19690,5304.93376348099
19691,4040.6841410247603
19692,3324.112886223779
19693,5615.060988174777
19694,6692.428185638694
19695,4837.020535198884
19696,6290.372785521259
19697,4357.2848741364505
19698,6406.511774878953
19699,6329.922707067125
19700,7027.341214362343
19701,6509.27250482898
19702,6434.98057384499
19703,5102.029279442703
19704,5442.876485772686
19705,7317.516768129055
19706,5337.907164423943
19707,6555.885946837932
19708,6140.183779882024
19709,5654.8215818532435
19710,4481.879729897979
19711,4710.270672141037
19712,7828.820873370305
19713,6422.992725132218
19714,5931.758578755155
19715,6977.797492878112
19716,6727.365163165201
19717,5698.729550159317
19718,7637.086073203643
19719,6114.542216480912
19720,4592.511612338746
19721,6644.931145271012
19722,5735.892821825295
19723,5121.0056181850705
19724,3457.885058525642
19725,5840.121816459135
19726,6644.931145271012
19727,5403.905107560924
19728,5909.008938891016
19729,7755.564187879121
19730,7513.166919635655
19731,6789.881773501521
19732,4038.5666013571745
19733,5219.279718564343
19734,7502.700840395735
19735,5429.655124043173
19736,5617.41032905264
19737,5735.892821825295
19738,6807.621902573088
19739,7774.846485818358
19740,4415.684788250737
19741,7755.564187879121
19742,6434.98057384499
19743,4071.017565233099
19744,6457.521778213128
19745,6373.161841716169
19746,7559.682409651624
19747,4453.941965566615
19748,7250.90425753229
19749,4922.905826132326
19750,5880.057391260612
19751,5480.298747266913
19752,6428.093969750768
19753,6364.96866114291
19754,8079.532624031623
19755,6723.549746652115
19756,4290.9870313428955
19757,6152.484725993582
19758,6152.484725993582
19759,3631.254787974167
19760,5645.94034206579
19761,4432.276602711121
19762,7637.408291638212
19763,8026.901804707315
19764,5975.762294142954
19765,7774.846485818358
19766,5183.39599338614
19767,7882.661332391605
19768,5923.197701469774
19769,6385.691638581212
19770,5373.427206145768
19771,7207.920543610537
19772,6617.562787375298
19773,4822.094031520584
19774,5880.057391260612
19775,7775.057665556427
19776,6903.055759997274
19777,4398.599454372426
19778,6327.811211077163
19779,5375.643316450503
19780,5997.9205894975485
19781,5573.88887058641
19782,7179.513958039881
19783,5830.49634773973
19784,3148.584548652634
19785,5833.478640912981
19786,7317.516768129055
19787,7132.963982577313
19788,6887.895329510792
19789,6432.584200147823
19790,5830.49634773973
19791,5739.0829001250395
19792,5841.369605879711
19793,5005.221476776047
19794,6153.362915181526
19795,5429.703758992239
19796,6327.811211077163
19797,3501.7008488509496
19798,7184.439983595355
19799,7073.1826201772055
19800,5653.373653113562
19801,3951.536691814876
19802,5735.892821825295
19803,7041.470714002511
19804,6654.236410115055
19805,6123.462446713509
19806,7179.981066110711
19807,7637.086073203643
19808,7312.7334431612535
19809,6181.306152134359
19810,7989.273550568412
19811,7209.382621852685
19812,5368.497421137285
19813,4998.543799920624
19814,4453.66903245062
19815,6463.0337866953705
19816,6094.210920113176
19817,5490.354935090039
19818,6688.469069189667
19819,3385.970291544323
19820,6032.947476642878
19821,5102.029279442703
19822,7926.183663304738
19823,6692.372111096963
19824,7506.721155029206
19825,5429.655124043173
19826,4751.747590951295
19827,5280.096151967876
19828,7470.913174104686
19829,5910.480328521001
19830,4290.9870313428955
19831,4365.47037717698
19832,6434.98057384499
19833,6637.98902182854
19834,5653.373653113562
19835,6153.362915181526
19836,5729.1923661744195
19837,4459.675797639122
19838,4786.400039749358
19839,6625.412430084258
19840,7031.131647168717
19841,8026.901804707315
19842,6606.418769305237
19843,6607.273069310761
19844,4653.851085590803
19845,5585.052907347182
19846,4461.155911738117
19847,5628.66111876072
19848,4450.490613214008
19849,3846.544369593287
19850,7317.516768129055
19851,6807.621902573088
19852,4170.404273351296
19853,7416.558748682633
19854,6834.468315144573
19855,4216.086243460657
19856,5818.456564642338
19857,7219.5313366353375
19858,4398.599454372426
19859,3846.544369593287
19860,7380.032379117104
19861,7074.554979152584
19862,7767.176852699093
19863,6114.542216480912
19864,6280.336790878224
19865,5427.978677666096
19866,5997.9205894975485
19867,6825.467708758383
19868,7702.987127146591
19869,6886.077070855614
19870,5974.229166997715
19871,5706.215731489294
19872,7246.273055578693
19873,7947.018599474453
19874,5677.11076010567
19875,5934.256616310302
19876,6538.230952721237
19877,4380.38016160012
19878,6233.047773577099
19879,7602.7102852492435
19880,5678.811730172002
19881,5304.93376348099
19882,6028.314736010201
19883,5429.703758992239
19884,5199.823978181175
19885,5790.55545894349
19886,7022.726382685144
19887,6364.96866114291
19888,6105.751727033842
19889,5490.354935090039
19890,3846.544369593287
19891,6326.3830472254585
19892,6903.055759997274
19893,7998.057266654997
19894,7341.981654463361
19895,6392.478688552688
19896,5994.793850842822
19897,4164.526979282911
19898,5941.551684180932
19899,7715.29763844872
19900,6921.1928206834855
19901,5701.012632660712
19902,3629.3808672067016
19903,7317.516768129055
19904,7027.341214362343
19905,5683.782916751609
19906,7489.267553382619
19907,5825.595670732399
19908,5785.754002942816
19909,4459.675797639122
19910,7027.333520966943
19911,4171.048504005714
19912,7889.753453250378
19913,5836.543991031214
19914,6434.98057384499
19915,7940.033630957804
19916,7025.695398802829
19917,7038.977831815415
19918,7761.975022884185
19919,7350.126406302276
19920,5941.264204995696
19921,5941.264204995696
19922,4868.6661354090975
19923,5429.703758992239
19924,6538.230952721237
19925,6607.273069310761
19926,5492.1544123428375
19927,5615.060988174777
19928,5678.811730172002
19929,6807.621902573088
19930,5490.354935090039
19931,6539.71136821098
19932,5678.811730172002
19933,6531.39533125138
19934,6808.098829637224
19935,5683.782916751609
19936,6784.787762260913
19937,7375.733611158156
19938,7317.516768129055
19939,7529.674709528131
19940,7999.908821056453
19941,6093.102515982048
19942,6197.992777778883
19943,5218.955628334603
19944,5005.221476776047
19945,7586.582961518987
19946,3519.7475399008817
19947,4148.6827566407155
19948,6724.64017837708
19949,4871.99831151502
19950,5818.456564642338
19951,7499.272853757407
19952,4993.505292165596
19953,5430.374813423198
19954,6935.956049889917
19955,7309.1090132061445
19956,7341.981654463361
19957,4653.851085590803
19958,7380.032379117104
19959,7379.339069358833
19960,6164.139347578159
19961,6762.142007028686
19962,4164.879209890878
19963,6710.226800377976
19964,2634.544878221752
19965,7637.086073203643
19966,5408.603646552612
19967,4823.822158479547
19968,7513.166919635655
19969,5179.521329797136
19970,7047.399545888742
19971,5895.885037411688
19972,4569.858401651181
19973,7380.032379117104
19974,5941.264204995696
19975,3385.970291544323
19976,7502.902661157958
19977,5573.88887058641
19978,5812.259955008163
19979,6084.040536922035
19980,5203.400851848839
19981,6651.860086833943
19982,6415.298028992886
19983,6389.694488413991
19984,4170.404273351296
19985,5517.849670885042
19986,4148.203656390662
19987,3837.2863755086114
19988,5084.814442718932
19989,6654.236410115055
19990,8111.989330194423
19991,5833.478640912981
19992,6343.097384956094
19993,5931.758578755155
19994,5199.797820636814
19995,6457.521778213128
19996,6221.794414116328
19997,5628.66111876072
19998,5894.868985750707
19999,7755.564187879121
20000,7456.750188366188
20001,4930.707547712413
20002,7882.661332391605
20003,7518.296939139267
20004,5973.609190367147
20005,5653.373653113562
20006,6710.226800377976
20007,6126.763531984409
20008,5967.323829089128
20009,6042.172270157303
20010,3371.120023862506
20011,6146.558368684017
20012,7672.516681186773
20013,6818.046167812439
20014,4233.4579461372405
20015,5199.797820636814
20016,6670.504483324459
20017,5517.849670885042
20018,6651.860086833943
20019,6724.64017837708
20020,5332.584461056561
20021,7380.032379117104
20022,6329.922707067125
20023,4196.989491183272
20024,7602.649166378155
20025,7303.301467301833
20026,7380.032379117104
20027,5088.662028728661
20028,6065.265432023068
20029,5940.945841190161
20030,4398.599454372426
20031,7927.147526778365
20032,6427.681648172788
20033,6819.043802912473
20034,7303.429494918897
20035,5121.0056181850705
20036,5894.5195311101525
20037,7209.825872466441
20038,4666.747643270385
20039,4562.4575139027875
20040,6663.249944578051
20041,6838.573986810308
20042,6967.234048564034
20043,5568.871539497071
20044,6373.161841716169
20045,5430.374813423198
20046,6070.435187517358
20047,7322.574549029259
20048,7755.564187879121
20049,7920.261858581728
20050,6324.159640092096
20051,5840.121816459135
20052,5114.207480206616
20053,5214.813424937719
20054,4801.69186073914
20055,5591.60222346945
20056,5706.215731489294
20057,5657.994116038941
20058,4956.637827587092
20059,3371.120023862506
20060,5792.101641066902
20061,3371.120023862506
20062,6315.030355719334
20063,6934.217247353422
20064,7529.674709528131
20065,3371.120023862506
20066,2975.7567197683666
20067,4774.096809413186
20068,6070.435187517358
20069,7637.39593461756
20070,5485.799524978139
20071,5375.643316450503
20072,7875.418214768266
20073,5568.871539497071
20074,7755.564187879121
20075,2221.806889268895
20076,6512.47191037923
20077,5304.93376348099
20078,8141.372945255577
20079,7041.470714002511
20080,6663.840051799262
20081,4479.166562799699
20082,6940.77439963513
20083,4475.664656114844
20084,6692.372111096963
20085,7456.750188366188
20086,5473.927426175132
20087,3324.112886223779
20088,5894.868985750707
20089,8073.455507897552
20090,5950.728350351758
20091,6495.908220434402
20092,5222.264248374196
20093,5894.806550277932
20094,7745.031374382606
20095,4475.664656114844
20096,7137.75715826376
20097,4798.453258529025
20098,4993.505292165596
20099,4479.166562799699
20100,5792.101641066902
20101,7559.682409651624
20102,5777.983610137814
20103,5591.60222346945
20104,6807.621902573088
20105,4186.740968475137
20106,5729.1923661744195
20107,7775.057665556427
20108,5533.0126235362
20109,5490.354935090039
20110,5931.758578755155
20111,6277.650796535245
20112,6290.372785521259
20113,4748.878763463195
20114,7027.341214362343
20115,7462.037010371931
20116,6617.610137448019
20117,3165.48049810273
20118,5683.782916751609
20119,6322.266620668832
20120,5222.264248374196
20121,7518.296939139267
20122,7526.469196849574
20123,6555.885946837932
20124,2975.7567197683666
20125,5410.4059790861775
20126,6123.462446713509
20127,4538.372490949205
20128,6538.230952721237
20129,5409.529725144088
20130,6070.435187517358
20131,5995.843103074059
20132,6485.327929963798
20133,4958.547534540174
20134,6137.691373575057
20135,3519.7475399008817
20136,6321.559256584119
20137,7828.820873370305
20138,5995.843103074059
20139,3926.4682308517404
20140,4343.787787460858
20141,4186.740968475137
20142,7146.713888502163
20143,6245.090411955257
20144,4871.99831151502
20145,5485.799524978139
20146,4453.66903245062
20147,6935.956049889917
20148,5337.907164423943
20149,6539.71136821098
20150,5674.907086134943
20151,5002.291276614124
20152,6322.266620668832
20153,7219.5313366353375
20154,5722.92835605147
20155,6606.418769305237
20156,7896.647021057137
20157,3558.571982191833
20158,5427.815704584976
20159,7502.902661157958
20160,5085.870991778794
20161,6093.102515982048
20162,6608.849216019558
20163,5735.892821825295
20164,6511.345581429953
20165,5941.551684180932
20166,4260.449629049087
20167,5097.396078792569
20168,6663.840051799262
20169,6137.537965684508
20170,6485.327929963798
20171,7041.470714002511
20172,4922.905826132326
20173,4038.5666013571745
20174,5566.560554557514
20175,5944.563481922111
20176,6197.992777778883
20177,3789.9276734940963
20178,6127.230465565862
20179,5573.88887058641
20180,6514.072279386533
20181,6693.922909257614
20182,5934.256616310302
20183,6070.435187517358
20184,6825.467708758383
20185,6175.950565450142
20186,7580.921605989952
20187,6126.512536942309
20188,1768.3700455148228
20189,5735.892821825295
20190,4571.293925782196
20191,4038.5666013571745
20192,5860.827281508732
20193,7241.028793119053
20194,6137.537965684508
20195,4998.543799920624
20196,6276.045478374612
20197,5683.782916751609
20198,4089.899584534125
20199,3833.241584773898
20200,6663.840051799262
20201,5821.739661644406
20202,6126.763531984409
20203,4479.166562799699
20204,7181.376616310988
20205,5409.529725144088
20206,4759.79120240037
20207,6808.098829637224
20208,4562.4575139027875
20209,6076.1316471371565
20210,7031.131647168717
20211,6630.715162348941
20212,5005.221476776047
20213,6276.013530955362
20214,5902.8903418724685
20215,6373.161841716169
20216,7031.131647168717
20217,7246.299181397713
20218,4434.336925724668
20219,6322.266620668832
20220,6070.435187517358
20221,6324.159640092096
20222,6539.71136821098
20223,7745.031374382606
20224,6507.330073185774
20225,6321.475311329566
20226,6070.435187517358
20227,6123.462446713509
20228,8141.372945255577
20229,7094.665134024906
20230,5644.989898411768
20231,4729.167126472608
20232,6374.252765183935
20233,5653.373653113562
20234,4930.707547712413
20235,7234.015763537532
20236,7588.077161669766
20237,4018.1595290104133
20238,7745.031374382606
20239,5485.799524978139
20240,6752.2529007184485
20241,5785.754002942816
20242,7526.469196849574
20243,4018.1595290104133
20244,5304.93376348099
20245,5836.543991031214
20246,6617.610137448019
20247,7559.682409651624
20248,6569.286429847569
20249,6321.475311329566
20250,5573.88887058641
20251,7781.573955597824
20252,4194.786483444723
20253,3969.537428707128
20254,7087.107983105196
20255,5765.665230950906
20256,5876.6649528678345
20257,6321.559240721448
20258,7291.5906918621695
20259,5910.480328521001
20260,7936.804752564968
20261,7499.272853757407
20262,7562.361551320761
20263,7159.675261055157
20264,7053.259882761903
20265,4320.462364367358
20266,6510.1676036241315
20267,6428.093969750768
20268,6324.159640092096
20269,6322.266620668832
20270,4571.293925782196
20271,7580.431322556895
20272,5203.400851848839
20273,6076.1316471371565
20274,6105.751727033842
20275,5931.758578755155
20276,5448.249140690821
20277,6607.10184764076
20278,6728.95365103198
20279,6617.562787375298
20280,7771.430031341792
20281,5706.215731489294
20282,5582.631216827213
20283,6276.045478374612
20284,5114.207480206616
20285,6506.127666866723
20286,6816.20500346044
20287,6717.655701603231
20288,4398.523884608122
20289,4196.989491183272
20290,6846.147333517038
20291,6923.473111354798
20292,5121.0056181850705
20293,4164.526979282911
20294,4798.453258529025
20295,7745.031374382606
20296,4089.899584534125
20297,4072.8770985580322
20298,4038.5666013571745
20299,6324.159640092096
20300,7518.296939139267
20301,7246.273055578693
20302,6663.840051799262
20303,5164.7951399273215
20304,7348.210417731509
20305,6977.797492878112
20306,5998.194981979271
20307,5585.052907347182
20308,7586.582961518987
20309,5085.870991778794
20310,4813.030831034911
20311,4318.564998572259
20312,4548.197829322309
20313,6692.372111096963
20314,6724.64017837708
20315,5085.870991778794
20316,7920.261858581728
20317,6276.013530955362
20318,7046.907644463248
20319,6767.809025531242
20320,5706.215731489294
20321,5121.0056181850705
20322,7100.750800138608
20323,5585.052907347182
20324,8023.071540734241
20325,7559.682409651624
20326,5940.945841190161
20327,5790.55545894349
20328,7526.469196849574
20329,6175.950565450142
20330,7094.665451278324
20331,4822.094031520584
20332,7074.554979152584
20333,6290.372785521259
20334,4171.048504005714
20335,5738.020529464946
20336,4038.5666013571745
20337,6934.217247353422
20338,3146.247659971449
20339,5409.546745789994
20340,5735.892821825295
20341,5276.728475204416
20342,6825.467708758383
20343,7774.846485818358
20344,5164.7951399273215
20345,5735.892821825295
20346,7462.037010371931
20347,7246.299181397713
20348,7052.080144199609
20349,4569.858401651181
20350,4455.410341289124
20351,4357.2848741364505
20352,6513.6835329100895
20353,6457.521778213128
20354,5645.3167646089205
20355,3629.3808672067016
20356,7219.5313366353375
20357,5304.93376348099
20358,7210.0268207817635
20359,3614.0531331299367
20360,5404.059387898375
20361,5121.0056181850705
20362,4481.879729897979
20363,8085.4529376635655
20364,5368.497421137285
20365,4877.870148824604
20366,5940.945841190161
20367,7258.791780299429
20368,4930.707547712413
20369,5975.762294142954
20370,4164.526979282911
20371,6453.335619355101
20372,6225.531453172358
20373,3409.652355068308
20374,6836.142128318276
20375,5254.731661839873
20376,6934.217247353422
20377,6350.7935563238225
20378,4571.293925782196
20379,7518.296939139267
20380,7291.5906918621695
20381,5517.849670885042
20382,5501.918949098273
20383,5880.057391260612
20384,5701.012632660712
20385,6513.6835329100895
20386,6215.225682084842
20387,7518.296939139267
20388,7303.301467301833
20389,6935.956049889917
20390,7156.131096214947
20391,6221.794414116328
20392,3614.0531331299367
20393,7305.229099073063
20394,6512.47191037923
20395,4481.879729897979
20396,7864.622826479872
20397,5974.761819624823
20398,6095.5747449715955
20399,7258.791780299429
20400,6896.5876766128295
20401,5485.799524978139
20402,7828.820873370305
20403,4801.69186073914
20404,6126.512536942309
20405,5492.1544123428375
20406,6625.412430084258
20407,6093.102515982048
20408,6332.72721142461
20409,4441.196769493034
20410,7179.513958039881
20411,5485.799524978139
20412,6392.478688552688
20413,6039.087757932587
20414,6536.240520635802
20415,7207.920543610537
20416,7052.080144199609
20417,6521.487998732246
20418,6475.413205440012
20419,7733.661170487777
20420,6819.043802912473
20421,5529.233754616933
20422,7312.7334431612535
20423,5436.930220811104
20424,7072.913272024841
20425,7562.361551320761
20426,6042.172270157303
20427,5696.76061199299
20428,7219.5313366353375
20429,7456.750188366188
20430,6417.088639012634
20431,7637.408244050199
20432,7022.727826188198
20433,4837.265550014046
20434,5304.93376348099
20435,6175.950565450142
20436,7234.015763537532
20437,7349.225247966829
20438,5931.262108880436
20439,5485.799524978139
20440,6514.072279386533
20441,5706.215731489294
20442,7792.6760327659495
20443,6140.183779882024
20444,6181.306152134359
20445,5375.643316450503
20446,8026.901804707315
20447,3837.2863755086114
20448,5513.18471316771
20449,5935.748484648455
20450,7671.233866988786
20451,6923.473111354798
20452,6580.237018508326
20453,4922.905826132326
20454,6728.95365103198
20455,6434.691238727253
20456,6555.885946837932
20457,7322.574549029259
20458,7041.470714002511
20459,3146.247659971449
20460,4837.265550014046
20461,6177.688558990422
20462,5337.907164423943
20463,8005.899311144582
20464,4871.99831151502
20465,8050.808848493081
20466,5505.551151762136
20467,5738.020529464946
20468,5001.503536375815
20469,4275.2107009322735
20470,7763.008317268467
20471,7882.661332391605
20472,5869.225312614361
20473,4958.547534540174
20474,5998.194981979271
20475,7715.29763844872
20476,6538.546730911411
20477,7489.267553382619
20478,5876.6649528678345
20479,4148.203656390662
20480,7219.5313366353375
20481,6177.019709470723
20482,7562.361551320761
20483,7927.147526778365
20484,5485.799524978139
20485,5102.029279442703
20486,5448.249140690821
20487,4123.688929544299
20488,3371.120023862506
20489,7513.166919635655
20490,6710.226800377976
20491,4569.858401651181
20492,6513.6835329100895
20493,8085.4529376635655
20494,7074.554979152584
20495,5166.571013525778
20496,4275.825363568081
20497,7210.0268207817635
20498,8106.929756812402
20499,6147.749766309442
20500,7022.726382685144
20501,6001.847393685895
20502,6039.087757932587
20503,4956.637827587092
20504,5005.221476776047
20505,5427.815704584976
20506,7317.516768129055
20507,7219.5313366353375
20508,7193.959727613022
20509,7234.015763537532
20510,6070.435187517358
20511,6155.160996519281
20512,6343.097384956094
20513,5688.879846723667
20514,7634.662019145705
20515,5644.989898411768
20516,6878.881620558416
20517,5121.0056181850705
20518,6934.217247353422
20519,5427.815704584976
20520,5280.096151967876
20521,6432.584200147823
20522,7246.273055578693
20523,6865.276873935232
20524,4233.4579461372405
20525,7072.913272024841
20526,7159.675261055157
20527,6710.226800377976
20528,6280.336790878224
20529,6663.249944578051
20530,6432.584200147823
20531,7263.633400582893
20532,4979.208155819057
20533,6846.278708157668
20534,5883.787165213356
20535,5533.0126235362
20536,5480.467541948263
20537,8196.451517468187
20538,6921.1928206834855
20539,5568.871539497071
20540,6101.86499195226
20541,7411.540212030304
20542,6146.558368684017
20543,4543.280306158453
20544,4481.879729897979
20545,4290.9870313428955
20546,6617.562787375298
20547,5641.384836777864
20548,4813.030831034911
20549,4475.664656114844
20550,2497.756419042838
20551,7637.086073203643
20552,6967.234048564034
20553,5533.012782162909
20554,8106.929756812402
20555,7671.233866988786
20556,7094.665451278324
20557,4461.155911738117
20558,6327.811211077163
20559,5473.927426175132
20560,7246.299181397713
20561,7156.131096214947
20562,5674.907086134943
20563,5375.643316450503
20564,6042.172270157303
20565,6538.230952721237
20566,5738.020529464946
20567,6816.20500346044
20568,5154.832890841433
20569,5628.66111876072
20570,6727.365163165201
20571,6039.9944999282
20572,5914.112436008838
20573,4979.208155819057
20574,5678.811730172002
20575,7745.031374382606
20576,5214.813424937719
20577,7580.921605989952
20578,5483.201251205394
20579,5407.933845272657
20580,7144.783591802217
20581,4548.197829322309
20582,6555.885946837932
20583,4774.096809413186
20584,1974.7991039947215
20585,5457.315085418566
20586,3617.672423579664
20587,7309.1090132061445
20588,7130.8360052722555
20589,7310.786728596896
20590,7317.516768129055
20591,7258.791780299429
20592,6032.947476642878
20593,7156.131096214947
20594,5644.989898411768
20595,4040.6841410247603
20596,6644.931145271012
20597,5404.059387898375
20598,7052.080144199609
20599,4666.747643270385
20600,5430.374813423198
20601,7462.037010371931
20602,4216.086243460657
20603,3808.7726217331633
20604,8302.536571502025
20605,7312.7334431612535
20606,5409.529725144088
20607,7637.408291638212
20608,5909.008938891016
20609,7198.919366168192
20610,4525.604420904145
20611,8079.532624031623
20612,7022.726382685144
20613,5910.480328521001
20614,6106.908226783225
20615,4357.2848741364505
20616,7312.7334431612535
20617,6101.86499195226
20618,7181.376616310988
20619,5048.937348137177
20620,7781.573955597824
20621,6117.821839558048
20622,6070.435187517358
20623,6663.840051799262
20624,3798.232289330628
20625,4038.5666013571745
20626,7715.29763844872
20627,5974.229166997715
20628,7603.45376863566
20629,2634.544878221752
20630,6888.0041950213745
20631,4433.034759068149
20632,6106.908226783225
20633,6538.230952721237
20634,4485.876234662385
20635,5790.55545894349
20636,5632.030223164563
20637,5778.61616586643
20638,4433.034759068149
20639,4571.293925782196
20640,5934.256616310302
20641,5973.609190367147
20642,7936.804752564968
20643,4868.6661354090975
20644,6654.236410115055
20645,5140.566988093951
20646,7132.388262798634
20647,7580.4896337352275
20648,6453.126295549528
20649,6819.043802912473
20650,7713.542893927939
20651,5585.052907347182
20652,5203.400851848839
20653,5573.88887058641
20654,7073.1826201772055
20655,7179.513958039881
20656,6670.504483324459
20657,7363.917840699615
20658,5048.937348137177
20659,5501.918949098273
20660,6819.043802912473
20661,5448.575340655794
20662,5722.92835605147
20663,5939.962339729924
20664,7562.361551320761
20665,7317.516768129055
20666,1846.3326302770074
20667,5345.928837799123
20668,3721.2256049812663
20669,4479.166562799699
20670,6910.3985110567155
20671,7303.429494918897
20672,6935.956049889917
20673,6197.992777778883
20674,4979.149146683201
20675,7636.589254350161
20676,7341.981654463361
20677,6560.5779028211855
20678,6321.559240721448
20679,5084.814442718932
20680,4798.453258529025
20681,6511.345581429953
20682,7207.920543610537
20683,5869.225312614361
20684,6606.418769305237
20685,7087.107983105196
20686,5910.480328521001
20687,2962.8560536570153
20688,7137.75715826376
20689,6061.047135393739
20690,6692.372111096963
20691,5392.337809979808
20692,6510.1676036241315
20693,5485.799524978139
20694,7327.628760828507
20695,6663.738625881346
20696,6276.013530955362
20697,4104.903593222582
20698,6482.036013316693
20699,6324.159640092096
20700,7327.628760828507
20701,7588.077161669766
20702,5276.728475204416
20703,6977.797492878112
20704,5373.427206145768
20705,5416.511552851894
20706,6617.610137448019
20707,6384.769097365353
20708,8305.162620811565
20709,6630.715162348941
20710,7889.753453250378
20711,5095.452013294257
20712,6213.382455585623
20713,7144.80278563404
20714,4275.369327641559
20715,5500.5378022032
20716,6225.503392107485
20717,3385.970291544323
20718,7350.126406302276
20719,3457.885058525642
20720,5199.823978181175
20721,5492.1544123428375
20722,6903.055759997274
20723,6923.473111354798
20724,5407.933845272657
20725,6032.947476642878
20726,6028.314736010201
20727,6876.285313756866
20728,6692.428185638694
20729,5577.538553913635
20730,5218.955628334603
20731,5409.529725144088
20732,5615.060988174777
20733,7241.028793119053
20734,6028.314736010201
20735,5698.729550159317
20736,7588.077161669766
20737,5232.0805767502125
20738,6513.6835329100895
20739,7258.791780299429
20740,7207.920543610537
20741,7303.429494918897
20742,5722.92835605147
20743,5332.584461056561
20744,4822.094031520584
20745,5409.529725144088
20746,7634.662019145705
20747,5619.989456581573
20748,6321.475311329566
20749,6095.5747449715955
20750,7470.913174104686
20751,5739.0829001250395
20752,4571.293925782196
20753,6811.822750264395
20754,6126.177691821679
20755,6182.567107571806
20756,5644.989898411768
20757,8189.081197086671
20758,3614.0531331299367
20759,5276.728475204416
20760,5404.059387898375
20761,3558.571982191833
20762,7043.059836376126
20763,4723.54005017545
20764,6457.521778213128
20765,7179.981066110711
20766,5429.703758992239
20767,6608.849216019558
20768,5939.962339729924
20769,6688.469069189667
20770,6967.234048564034
20771,6511.345581429953
20772,4479.166562799699
20773,7489.267553382619
20774,6140.183779882024
20775,6507.330073185774
20776,7198.919366168192
20777,5706.215731489294
20778,7500.453084062498
20779,5934.256616310302
20780,5692.940040111851
20781,6432.584200147823
20782,5214.813424937719
20783,5439.27483461303
20784,6343.097384956094
20785,4251.021983698831
20786,5645.3167646089205
20787,5777.874348060459
20788,5429.655124043173
20789,5644.989898411768
20790,7774.846485818358
20791,8106.929756812402
20792,7582.551082998409
20793,7896.647021057137
20794,5430.374813423198
20795,7198.919366168192
20796,3146.247659971449
20797,5706.215731489294
20798,7317.516768129055
20799,6888.0041950213745
20800,7529.674709528131
20801,5880.8480026423595
20802,6385.691638581212
20803,3148.584548652634
20804,7312.7334431612535
20805,7047.4809213906055
20806,5940.945841190161
20807,7130.8360052722555
20808,6042.172270157303
20809,7506.721155029206
20810,4801.69186073914
20811,5568.871539497071
20812,6564.019610669869
20813,6095.5747449715955
20814,5097.396078792569
20815,5505.551151762136
20816,3385.970291544323
20817,7516.900722706813
20818,6225.503392107485
20819,5183.39599338614
20820,7348.210417731509
20821,7926.183663304738
20822,4357.2848741364505
20823,6538.230952721237
20824,6495.908220434402
20825,6126.512521079638
20826,4996.503701812511
20827,8111.989330194423
20828,7526.469196849574
20829,5943.959320374459
20830,6032.947476642878
20831,7250.90425753229
20832,7317.516768129055
20833,7053.259882761903
20834,7046.907644463248
20835,7250.90425753229
20836,6538.230952721237
20837,6819.043802912473
20838,1768.3700455148228
20839,4335.480601871636
20840,6935.956049889917
20841,7043.059836376126
20842,5698.729550159317
20843,3746.556069680127
20844,7502.902661157958
20845,5518.4840508208135
20846,5448.249140690821
20847,6447.290165112203
20848,8196.451517468187
20849,6315.030355719334
20850,5199.823978181175
20851,4653.851085590803
20852,7363.917840699615
20853,6934.217247353422
20854,4798.453258529025
20855,5005.221476776047
20856,6095.5747449715955
20857,4357.2848741364505
20858,8196.451517468187
20859,7860.922017764244
20860,5214.813424937719
20861,5894.806550277932
20862,6510.1676036241315
20863,6364.96866114291
20864,7341.981654463361
20865,5722.92835605147
20866,6329.922707067125
20867,7110.523046152114
20868,4481.879729897979
20869,6934.217247353422
20870,4525.604420904145
20871,6140.183779882024
20872,5825.595670732399
20873,6182.567107571806
20874,5939.962339729924
20875,4148.203656390662
20876,5121.0056181850705
20877,5276.728475204416
20878,6221.794414116328
20879,6197.992777778883
20880,6336.326403870271
20881,7602.7102852492435
20882,4216.086243460657
20883,6692.372111096963
20884,5883.787165213356
20885,5894.868985750707
20886,4653.851085590803
20887,5974.229166997715
20888,6417.088639012634
20889,5615.060988174777
20890,6563.794170390632
20891,6808.098829637224
20892,4891.56001453999
20893,6838.573986810308
20894,5337.907164423943
20895,5673.42203874529
20896,5480.467541948263
20897,6373.161841716169
20898,5280.096151967876
20899,5483.201251205394
20900,7047.4809213906055
20901,5048.937348137177
20902,6531.39533125138
20903,7860.922017764244
20904,7241.028793119053
20905,7317.516768129055
20906,7470.913174104686
20907,6784.787762260913
20908,4453.66903245062
20909,5448.249140690821
20910,4398.599454372426
20911,6126.512536942309
20912,5941.264204995696
20913,4879.9280289868275
20914,5393.743924718922
20915,4104.903593222582
20916,4592.511612338746
20917,7188.382222162515
20918,4877.870148824604
20919,5480.00176634179
20920,5529.233754616933
20921,4038.5666013571745
20922,4357.2848741364505
20923,4216.086243460657
20924,6432.584200147823
20925,5383.645986345911
20926,6327.811211077163
20927,6039.9944999282
20928,5573.88887058641
20929,5851.602805247728
20930,7529.674709528131
20931,6812.382321844068
20932,6039.9944999282
20933,5203.400851848839
20934,6126.177691821679
20935,5485.799524978139
20936,6816.20500346044
20937,6598.457009238154
20938,7027.341214362343
20939,5492.1544123428375
20940,5442.876485772686
20941,5102.029279442703
20942,5199.797820636814
20943,4275.369327641559
20944,4751.747590951295
20945,7637.086073203643
20946,6617.610137448019
20947,6728.707272027118
20948,6818.046167812439
20949,3148.584548652634
20950,6364.96866114291
20951,5199.823978181175
20952,3469.924556094956
20953,3666.8307614736864
20954,3616.511767810498
20955,5923.197701469774
20956,5460.009661466516
20957,6385.691638581212
20958,7100.750292533138
20959,4748.878763463195
20960,7305.229099073063
20961,5974.538076651376
20962,6703.085505239327
20963,5940.945841190161
20964,7210.0268207817635
20965,3808.7726217331633
20966,5350.2237035410235
20967,7210.0268207817635
20968,5953.527778654547
20969,5880.057391260612
20970,7246.273055578693
20971,5931.758578755155
20972,8106.929756812402
20973,7722.843653773438
20974,6321.475311329566
20975,5894.868985750707
20976,8106.929756812402
20977,5998.194981979271
20978,6921.1928206834855
20979,5156.025573343204
20980,5573.88887058641
20981,6846.147333517038
20982,6342.408548471025
20983,6876.371162531932
20984,5792.101641066902
20985,7753.452739477172
20986,3833.241584773898
20987,7317.516768129055
20988,5910.480328521001
20989,4653.851085590803
20990,6076.1316471371565
20991,6417.088639012634
20992,7069.525370355947
20993,5735.892821825295
20994,6245.090411955257
20995,4052.023317535253
20996,6883.115351566557
20997,7502.700840395735
20998,5513.182317904399
20999,5910.480328521001
21000,6539.71136821098
21001,6847.207530991214
21002,7047.4809213906055
21003,7562.361551320761
21004,6692.372111096963
21005,5678.811730172002
21006,7312.7334431612535
21007,6177.688558990422
21008,4196.989491183272
21009,5812.259955008163
21010,4196.989491183272
21011,7193.959727613022
21012,7348.210417731509
21013,4260.449629049087
21014,6531.39533125138
21015,7181.376616310988
21016,6513.6835329100895
21017,6767.809025531242
21018,6836.142128318276
21019,7327.628760828507
21020,6535.87831240782
21021,5304.93376348099
21022,6215.225682084842
21023,4028.0915121201688
21024,7349.225247966829
21025,5818.456564642338
21026,5876.6649528678345
21027,3469.924556094956
21028,6692.428185638694
21029,5392.337809979808
21030,6465.6844231448495
21031,6456.051054815323
21032,6934.217247353422
21033,4290.9870313428955
21034,6957.914919745601
21035,7363.917840699615
21036,3666.8307614736864
21037,4275.369327641559
21038,7027.341214362343
21039,7767.176852699093
21040,5678.811730172002
21041,6289.255720371804
21042,7998.057266654997
21043,4877.870148824604
21044,7005.567652228446
21045,3808.7726217331633
21046,3198.7514351642894
21047,6177.688558990422
21048,4520.830232834798
21049,5404.059387898375
21050,5974.761819624823
21051,5529.235737450799
21052,5894.806550277932
21053,6875.481504632908
21054,6389.694488413991
21055,6607.273069310761
21056,6692.372111096963
21057,6617.562787375298
21058,5600.215796547657
21059,5403.905107560924
21060,7506.721155029206
21061,7580.431322556895
21062,5427.815704584976
21063,6538.546730911411
21064,6137.691373575057
21065,6663.249944578051
21066,4089.899584534125
21067,7989.273550568412
21068,6415.298028992886
21069,5501.918949098273
21070,3746.556069680127
21071,4514.040248269202
21072,6434.691238727253
21073,5615.060988174777
21074,6513.6835329100895
21075,5644.989898411768
21076,6836.142128318276
21077,4251.021983698831
21078,4543.280306158453
21079,5028.899273241554
21080,5457.315085418566
21081,6094.210920113176
21082,5573.88887058641
21083,7698.497594707056
21084,6467.29548359236
21085,7209.382621852685
21086,7312.7334431612535
21087,6513.6835329100895
21088,7767.176852699093
21089,7926.183663304738
21090,7999.908821056453
21091,5966.6522511900275
21092,5735.892821825295
21093,6977.797492878112
21094,3746.556069680127
21095,6940.77439963513
21096,6512.47191037923
21097,5276.9219997897435
21098,6372.4591729820495
21099,6752.2529007184485
21100,3926.4682308517404
21101,4290.9870313428955
21102,6539.71136821098
21103,7927.147526778365
21104,7559.682409651624
21105,7489.267553382619
21106,6453.335619355101
21107,5485.799524978139
21108,3926.4682308517404
21109,5102.029279442703
21110,7317.516768129055
21111,7025.695398802829
21112,7087.107983105196
21113,4316.144101185838
21114,6039.9944999282
21115,6663.840051799262
21116,7047.399545888742
21117,6432.584200147823
21118,5585.052907347182
21119,6506.127666866723
21120,5785.754002942816
21121,6538.546730911411
21122,5812.259955008163
21123,7053.259882761903
21124,5084.814442718932
21125,6744.947712463766
21126,6146.558368684017
21127,6904.6420270901235
21128,7368.655037020358
21129,6426.212022471812
21130,5351.210996179612
21131,7317.516768129055
21132,6726.744948594568
21133,5430.374813423198
21134,5492.1544123428375
21135,6140.183779882024
21136,5902.8903418724685
21137,4555.672446765179
21138,6215.225682084842
21139,5492.1544123428375
21140,7305.229099073063
21141,6343.097384956094
21142,7029.778386849137
21143,6878.881620558416
21144,4459.675797639122
21145,5416.511552851894
21146,7763.008317268467
21147,5978.286441654449
21148,4320.462364367358
21149,4666.747643270385
21150,6538.546730911411
21151,3789.9276734940963
21152,5729.1923661744195
21153,7349.225247966829
21154,5407.933845272657
21155,5941.264204995696
21156,3385.970291544323
21157,3789.9276734940963
21158,5392.337809979808
21159,3148.584548652634
21160,5683.782916751609
21161,5442.876485772686
21162,6350.7935563238225
21163,4441.196769493034
21164,5739.0829001250395
21165,5673.42203874529
21166,6870.691200089897
21167,7516.900722706813
21168,8026.901804707315
21169,6825.467708758383
21170,7786.979240030059
21171,7047.4809213906055
21172,5582.378698968703
21173,7744.900142506016
21174,5429.655124043173
21175,6564.019610669869
21176,5940.945841190161
21177,8241.343161723877
21178,7073.1826201772055
21179,6334.600941840024
21180,6977.797492878112
21181,6825.467708758383
21182,6389.694488413991
21183,7179.990012657116
21184,6552.276982986979
21185,6820.894278652307
21186,6327.811211077163
21187,6028.314736010201
21188,6957.914919745601
21189,5140.564053499829
21190,5350.196435609698
21191,5997.821082962814
21192,6789.881773501521
21193,7602.7102852492435
21194,3631.254787974167
21195,4871.99831151502
21196,4837.265550014046
21197,6607.273069310761
21198,7207.920543610537
21199,5671.677715999309
21200,6280.336790878224
21201,6538.230952721237
21202,7341.981654463361
21203,5429.655124043173
21204,6819.043802912473
21205,6106.908226783225
21206,5505.551151762136
21207,5876.6649528678345
21208,8261.39318121071
21209,3614.0531331299367
21210,5931.758578755155
21211,7006.0997337994
21212,7599.595062893611
21213,6028.314736010201
21214,6070.435187517358
21215,6637.98902182854
21216,6808.098829637224
21217,4653.851085590803
21218,5582.631216827213
21219,1974.7991039947215
21220,7580.431322556895
21221,5696.76061199299
21222,6829.131192609317
21223,6820.894278652307
21224,7179.981066110711
21225,6069.72861656619
21226,5304.93376348099
21227,6322.266620668832
21228,4380.38016160012
21229,7406.483478066379
21230,8261.39318121071
21231,6717.655701603231
21232,7755.564187879121
21233,6417.088639012634
21234,5671.839420066754
21235,7534.548467582895
21236,4164.879209890878
21237,5833.478640912981
21238,5219.279718564343
21239,4432.276602711121
21240,5490.354935090039
21241,5403.905107560924
21242,6532.397741015363
21243,6905.052378524372
21244,5974.761819624823
21245,6417.088639012634
21246,8106.929756812402
21247,6836.142128318276
21248,6692.372111096963
21249,7250.90425753229
21250,6607.273069310761
21251,7502.700840395735
21252,5582.631216827213
21253,4459.675797639122
21254,5644.989898411768
21255,4481.879729897979
21256,6710.226800377976
21257,5785.754002942816
21258,4432.276602711121
21259,5350.196435609698
21260,4303.863792409157
21261,5404.059387898375
21262,7774.846485818358
21263,4266.316650451778
21264,7148.534843811399
21265,5183.39599338614
21266,5280.096151967876
21267,5883.787165213356
21268,6539.71136821098
21269,6767.809025531242
21270,7786.979240030059
21271,3926.4682308517404
21272,4540.235276121679
21273,6105.751727033842
21274,6218.355513960401
21275,7947.018599474453
21276,6967.234048564034
21277,3614.0531331299367
21278,6536.240520635802
21279,7207.920543610537
21280,6510.1676036241315
21281,5409.529725144088
21282,5250.364541631893
21283,5416.511552851894
21284,6692.337673238377
21285,5939.962339729924
21286,7110.523046152114
21287,5385.385486839929
21288,7193.959727613022
21289,7317.516768129055
21290,4183.591260672906
21291,7860.922017764244
21292,6042.172270157303
21293,6539.71136821098
21294,6921.1928206834855
21295,6569.286429847569
21296,5974.229166997715
21297,4290.9870313428955
21298,5408.924849776243
21299,4074.2155272802947
21300,4795.599817831726
21301,6472.571550707213
21302,7144.674440763558
21303,5739.0829001250395
21304,6510.1676036241315
21305,6429.538519741541
21306,6175.950565450142
21307,7159.675261055157
21308,5841.369605879711
21309,6524.6111048353305
21310,6070.435187517358
21311,6360.8615459741195
21312,6039.9944999282
21313,7489.267553382619
21314,4475.664656114844
21315,6688.469069189667
21316,6114.542216480912
21317,5409.529725144088
21318,7448.680641450146
21319,7312.7334431612535
21320,4525.604420904145
21321,3947.7670232447463
21322,7258.791780299429
21323,7303.429494918897
21324,6293.828864949802
21325,6710.226800377976
21326,7923.971645569102
21327,5805.315531478407
21328,7562.361551320761
21329,6150.082657597553
21330,7025.695398802829
21331,4441.196769493034
21332,7672.516681186773
21333,6957.914919745601
21334,5199.823978181175
21335,6071.892903525002
21336,6076.1316471371565
21337,6580.237018508326
21338,7813.104900422566
21339,3148.584548652634
21340,7753.452739477172
21341,5931.262108880436
21342,6042.172270157303
21343,5978.286441654449
21344,4343.787787460858
21345,5738.020529464946
21346,6834.468315144573
21347,5448.249140690821
21348,5199.823978181175
21349,7637.086073203643
21350,7146.713888502163
21351,7999.908821056453
21352,7637.086073203643
21353,7368.655037020358
21354,5678.811730172002
21355,6360.8615459741195
21356,5645.3167646089205
21357,6190.138836286101
21358,5517.849670885042
21359,4148.203656390662
21360,7073.1826201772055
21361,5640.235253153006
21362,7371.156738852489
21363,7073.1826201772055
21364,4290.9870313428955
21365,6415.298028992886
21366,7580.4896337352275
21367,7305.229099073063
21368,5805.315531478407
21369,4455.410341289124
21370,5439.27483461303
21371,5785.754002942816
21372,7210.0268207817635
21373,7375.733611158156
21374,3614.0531331299367
21375,7767.176852699093
21376,5383.645986345911
21377,7179.513958039881
21378,7317.516768129055
21379,7317.516768129055
21380,5164.7951399273215
21381,4857.895746690088
21382,5880.933645202703
21383,6953.730458193363
21384,6001.847393685895
21385,4653.851085590803
21386,5293.710114802868
21387,7767.176852699093
21388,4868.6661354090975
21389,5166.571013525778
21390,5140.564053499829
21391,3789.9276734940963
21392,5909.008938891016
21393,7006.0997337994
21394,7100.750800138608
21395,7100.750800138608
21396,5645.3167646089205
21397,7263.633400582893
21398,5439.27483461303
21399,5183.39599338614
21400,6140.183779882024
21401,6032.947476642878
21402,6140.183779882024
21403,6061.047135393739
21404,4993.875812433144
21405,6507.330073185774
21406,7041.470714002511
21407,6453.335619355101
21408,5448.249140690821
21409,5404.059387898375
21410,7940.033630957804
21411,5941.551684180932
21412,5880.8480026423595
21413,7146.713888502163
21414,5677.11076010567
21415,7936.804752564968
21416,6818.046167812439
21417,6935.956049889917
21418,6126.512536942309
21419,6816.20500346044
21420,4072.8770985580322
21421,7733.661170487777
21422,4455.410341289124
21423,7303.301467301833
21424,5102.029279442703
21425,5617.41032905264
21426,6117.821839558048
21427,3969.537428707128
21428,6538.230952721237
21429,6538.230952721237
21430,5804.78392578758
21431,5722.92835605147
21432,4479.166562799699
21433,4723.536274859769
21434,6137.537965684508
21435,6536.240520635802
21436,5337.907164423943
21437,4151.451078245814
21438,7368.655037020358
21439,7534.548467582895
21440,4571.293925782196
21441,8302.536571502025
21442,7534.548467582895
21443,5088.662028728661
21444,7896.647021057137
21445,4112.234034849382
21446,3680.329117162952
21447,6426.212022471812
21448,6146.558368684017
21449,6608.846963520286
21450,5644.989898411768
21451,5840.121816459135
21452,4453.66903245062
21453,5644.989898411768
21454,4459.675797639122
21455,7246.273055578693
21456,4038.5666013571745
21457,8023.071540734241
21458,6267.272437865562
21459,7526.469196849574
21460,6728.95365103198
21461,5304.93376348099
21462,7193.959727613022
21463,5448.572802628446
21464,5118.10176591956
21465,5585.052907347182
21466,3765.5459868688095
21467,7502.700840395735
21468,3233.547837701028
21469,4040.6841410247603
21470,4837.020535198884
21471,7745.031374382606
21472,5429.703758992239
21473,4679.461589882237
21474,4290.9870313428955
21475,4496.80797847008
21476,5812.259955008163
21477,6663.840051799262
21478,7038.977831815415
21479,6190.138836286101
21480,6637.98902182854
21481,7761.975022884185
21482,6710.226800377976
21483,5577.538553913635
21484,6564.019610669869
21485,4871.99831151502
21486,5280.096151967876
21487,6807.621902573088
21488,4290.309568392881
21489,8106.929756812402
21490,7491.779597676195
21491,3631.254787974167
21492,4877.870148824604
21493,7586.582961518987
21494,6385.691638581212
21495,5941.551684180932
21496,4592.511612338746
21497,7534.548467582895
21498,5183.39599338614
21499,6717.655701603231
21500,5409.529725144088
21501,7733.661170487777
21502,5088.662028728661
21503,7146.713888502163
21504,5722.92835605147
21505,5833.478640912981
21506,4164.526979282911
21507,4868.6661354090975
21508,7179.981066110711
21509,5830.49634773973
21510,8028.255525044353
21511,7904.64532871804
21512,5473.927426175132
21513,5416.511552851894
21514,5203.400851848839
21515,5692.940040111851
21516,5729.1923661744195
21517,7774.846485818358
21518,5280.096151967876
21519,5931.262108880436
21520,3198.7514351642894
21521,5809.454736830486
21522,7047.4809213906055
21523,5304.93376348099
21524,5617.41032905264
21525,6267.272437865562
21526,6315.030355719334
21527,3680.329117162952
21528,6688.469069189667
21529,8106.929756812402
21530,7246.273055578693
21531,7896.647021057137
21532,4805.379979318026
21533,4837.020535198884
21534,5833.478640912981
21535,6510.1676036241315
21536,4877.870148824604
21537,6846.147333517038
21538,5706.215731489294
21539,5219.279718564343
21540,5048.937348137177
21541,5005.221476776047
21542,5005.221476776047
21543,6213.382455585623
21544,6560.5779028211855
21545,7936.804752564968
21546,7072.913272024841
21547,3068.2457992360464
21548,7936.804752564968
21549,6887.895329510792
21550,6834.468315144573
21551,6426.212022471812
21552,6538.230952721237
21553,5097.396078792569
21554,3146.247659971449
21555,5332.584461056561
21556,6876.208617742926
21557,6432.584200147823
21558,7031.131647168717
21559,3146.247659971449
21560,7038.977831815415
21561,5048.937348137177
21562,7357.7123162443795
21563,7999.908821056453
21564,5615.060988174777
21565,6350.7935563238225
21566,6463.0337866953705
21567,7087.107983105196
21568,5860.827281508732
21569,6506.127666866723
21570,4932.3354701791195
21571,3146.247659971449
21572,5244.449351642661
21573,6028.314736010201
21574,5994.793850842822
21575,6510.1676036241315
21576,5617.41032905264
21577,6913.123242042102
21578,6218.355513960401
21579,4852.430739301806
21580,7198.919366168192
21581,7046.907644463248
21582,7792.6760327659495
21583,6426.212022471812
21584,7209.382621852685
21585,4580.737608292761
21586,6426.212022471812
21587,4343.787787460858
21588,2497.756419042838
21589,4275.369327641559
21590,4475.664656114844
21591,3947.7670232447463
21592,6175.950565450142
21593,5529.233754616933
21594,6373.161841716169
21595,5974.761819624823
21596,4459.675797639122
21597,4148.203656390662
21598,6432.584200147823
21599,3837.2863755086114
21600,7024.463947933309
21601,7498.860868468053
21602,7024.293122830079
21603,4868.6661354090975
21604,6904.107106101072
21605,4074.2155272802947
21606,7104.274026253192
21607,5114.207480206616
21608,5102.029279442703
21609,5643.267275799618
21610,6137.691373575057
21611,6767.809025531242
21612,4455.410341289124
21613,2575.591578969453
21614,5505.551151762136
21615,4969.8770348214
21616,6688.469069189667
21617,4922.905826132326
21618,2767.3824536778498
21619,7529.674709528131
21620,6385.691638581212
21621,6878.881620558416
21622,5427.978677666096
21623,5792.101641066902
21624,5706.215731489294
21625,6663.738514842648
21626,6153.362915181526
21627,6221.794414116328
21628,5591.60222346945
21629,6580.237018508326
21630,5509.338412034324
21631,7303.301467301833
21632,6510.1676036241315
21633,6105.751727033842
21634,4089.899584534125
21635,6434.98057384499
21636,6482.036013316693
21637,7489.267553382619
21638,4481.879729897979
21639,6539.71136821098
21640,5617.41032905264
21641,5345.928837799123
21642,5617.029783577065
21643,5199.823978181175
21644,4459.675797639122
21645,5379.090417607302
21646,6094.210920113176
21647,6688.469069189667
21648,8067.171510809233
21649,3680.329117162952
21650,7875.418214768266
21651,2497.756419042838
21652,6095.5747449715955
21653,5941.551684180932
21654,6818.046167812439
21655,7637.39593461756
21656,7179.513958039881
21657,5448.575340655794
21658,6233.047773577099
21659,8106.929756812402
21660,5830.49634773973
21661,6385.691638581212
21662,5738.020529464946
21663,4877.870148824604
21664,7310.786728596896
21665,7637.39593461756
21666,7672.516681186773
21667,7305.229099073063
21668,5427.815704584976
21669,8302.536571502025
21670,5199.797820636814
21671,6580.237018508326
21672,8023.071540734241
21673,4922.905826132326
21674,5199.823978181175
21675,6647.531782581725
21676,7580.431322556895
21677,6807.621902573088
21678,7755.564187879121
21679,7043.059836376126
21680,4380.38016160012
21681,6728.95365103198
21682,7258.791780299429
21683,5840.121816459135
21684,5114.207480206616
21685,7380.032379117104
21686,5276.9219997897435
21687,7516.900722706813
21688,6825.467708758383
21689,6536.240520635802
21690,7137.75715826376
21691,4479.166562799699
21692,5409.529725144088
21693,6084.040536922035
21694,4433.034759068149
21695,6509.27250482898
21696,5951.681649286547
21697,6663.249944578051
21698,6432.584200147823
21699,4748.878763463195
21700,6953.730458193363
21701,5645.94034206579
21702,5974.538076651376
21703,4148.203656390662
21704,3680.329117162952
21705,4877.870148824604
21706,3746.556069680127
21707,5818.456564642338
21708,5778.916097248345
21709,6364.142041498156
21710,8005.899311144582
21711,5392.337809979808
21712,8305.162620811565
21713,6887.895329510792
21714,7309.763475283312
21715,7462.037010371931
21716,6935.956049889917
21717,6513.6835329100895
21718,3501.9471326797857
21719,7781.573955597824
21720,7920.261858581728
21721,6819.043802912473
21722,5628.66111876072
21723,7763.008317268467
21724,6977.807010480669
21725,7341.981654463361
21726,4653.851085590803
21727,6663.840051799262
21728,4922.905826132326
21729,7074.554979152584
21730,6152.484725993582
21731,7733.661170487777
21732,4922.905826132326
21733,6462.859900096653
21734,4357.2848741364505
21735,6290.372785521259
21736,5219.279718564343
21737,5617.41032905264
21738,6627.894969809909
21739,6606.418769305237
21740,6462.859900096653
21741,5492.1544123428375
21742,5048.937348137177
21743,4798.453258529025
21744,7506.197226871109
21745,6647.531782581725
21746,7777.715884362611
21747,5833.478640912981
21748,7053.259882761903
21749,6637.98902182854
21750,6117.821839558048
21751,6752.2529007184485
21752,3617.672423579664
21753,3324.112886223779
21754,7137.75715826376
21755,6350.7935563238225
21756,5084.814442718932
21757,4144.982582431924
21758,6372.4591729820495
21759,6071.892903525002
21760,4028.0915121201688
21761,6663.249944578051
21762,5404.059387898375
21763,5271.273572337516
21764,5490.354935090039
21765,5910.480328521001
21766,5998.194981979271
21767,7513.166919635655
21768,7148.534843811399
21769,7813.104900422566
21770,6434.98057384499
21771,3385.970291544323
21772,6434.98057384499
21773,6418.151564866211
21774,5902.8903418724685
21775,3198.7514351642894
21776,7027.341214362343
21777,5673.42203874529
21778,7889.753453250378
21779,6903.055759997274
21780,3999.4091381527514
21781,6767.809025531242
21782,5584.734210425558
21783,4290.9870313428955
21784,6692.428185638694
21785,7209.382621852685
21786,7312.7334431612535
21787,7052.080144199609
21788,5974.538076651376
21789,8005.899311144582
21790,6538.230952721237
21791,7371.156738852489
21792,7744.900142506016
21793,6360.8615459741195
21794,7041.470714002511
21795,8090.503738988562
21796,6076.1316471371565
21797,4729.167126472608
21798,6032.947476642878
21799,6630.715162348941
21800,5851.602805247728
21801,7219.5313366353375
21802,6117.821839558048
21803,6457.521778213128
21804,3851.5557839063686
21805,6140.183779882024
21806,7198.919366168192
21807,4868.6661354090975
21808,7526.469196849574
21809,7489.267553382619
21810,4074.2155272802947
21811,5505.551151762136
21812,3457.885058525642
21813,7526.469196849574
21814,8305.162620811565
21815,6218.355513960401
21816,5492.1544123428375
21817,4955.58077092176
21818,6500.7925588906755
21819,5683.782916751609
21820,7470.609277055039
21821,6670.504483324459
21822,6821.814345291502
21823,4748.878763463195
21824,7662.555701114559
21825,6521.487998732246
21826,7047.4809213906055
21827,7777.715884362611
21828,5974.229166997715
21829,5375.643316450503
21830,7179.513958039881
21831,7246.299197260384
21832,5841.369605879711
21833,6432.584200147823
21834,5851.602805247728
21835,5501.918949098273
21836,6670.504483324459
21837,6447.290165112203
21838,5154.832890841433
21839,5860.827281508732
21840,4877.870148824604
21841,6563.794170390632
21842,5894.806550277932
21843,5595.140090829302
21844,6094.210920113176
21845,6101.86499195226
21846,5739.0829001250395
21847,4432.276602711121
21848,5304.93376348099
21849,6965.546561767993
21850,6663.840051799262
21851,6965.546561767993
21852,7686.06256143814
21853,6406.511774878953
21854,4868.6661354090975
21855,6617.562787375298
21856,5973.609190367147
21857,6321.475311329566
21858,5416.511552851894
21859,6293.828864949802
21860,6384.769097365353
21861,4275.369327641559
21862,5673.42203874529
21863,5973.609190367147
21864,6218.355513960401
21865,7047.4809213906055
21866,6967.234048564034
21867,4164.526979282911
21868,5427.978677666096
21869,5350.196435609698
21870,5673.42203874529
21871,6137.691373575057
21872,3789.9276734940963
21873,4479.166562799699
21874,5457.315085418566
21875,6598.457009238154
21876,6625.412430084258
21877,5097.396078792569
21878,5974.761819624823
21879,7774.846485818358
21880,5894.868985750707
21881,4455.410341289124
21882,5860.827281508732
21883,6767.809025531242
21884,4481.879729897979
21885,6617.562787375298
21886,5448.249140690821
21887,4164.879209890878
21888,6321.475311329566
21889,6417.088639012634
21890,6299.607144226252
21891,7303.3008327949965
21892,5914.112436008838
21893,6146.558368684017
21894,6114.542216480912
21895,5409.529725144088
21896,5337.907164423943
21897,5653.373653113562
21898,3808.7726217331633
21899,7371.156738852489
21900,7750.76699893693
21901,7052.080144199609
21902,5941.551684180932
21903,5500.5383891220245
21904,7685.86351664333
21905,5706.215731489294
21906,3146.247659971449
21907,4380.38016160012
21908,6710.226800377976
21909,5085.870991778794
21910,4475.664656114844
21911,4475.664656114844
21912,6065.265432023068
21913,6117.821839558048
21914,7209.382621852685
21915,6630.715162348941
21916,7702.987127146591
21917,6220.999218422683
21918,7317.516768129055
21919,5615.060988174777
21920,7470.913174104686
21921,5114.207480206616
21922,3629.3808672067016
21923,6654.236410115055
21924,7582.551082998409
21925,6343.097384956094
21926,6688.469069189667
21927,6703.085505239327
21928,8189.081197086671
21929,6127.230465565862
21930,5941.551684180932
21931,4441.196769493034
21932,5880.057391260612
21933,7637.086073203643
21934,6825.467708758383
21935,5973.609190367147
21936,7317.516768129055
21937,4164.879209890878
21938,6507.330073185774
21939,7553.906906342587
21940,6321.559240721448
21941,6834.468315144573
21942,3324.112886223779
21943,6039.9944999282
21944,5701.012632660712
21945,5218.955628334603
21946,5806.395128999129
21947,6462.859900096653
21948,5271.273572337516
21949,6710.226800377976
21950,6220.999218422683
21951,6137.691373575057
21952,6457.521778213128
21953,5276.9219997897435
21954,7713.542893927939
21955,6146.558368684017
21956,4461.238381764274
21957,7562.361551320761
21958,6036.493069123471
21959,5430.374813423198
21960,6513.6835329100895
21961,6820.894278652307
21962,6475.413205440012
21963,6935.956049889917
21964,6940.77439963513
21965,5978.286441654449
21966,6292.750393678717
21967,4398.599454372426
21968,7582.551082998409
21969,5869.225312614361
21970,7317.516768129055
21971,7137.75715826376
21972,5698.729550159317
21973,6140.183779882024
21974,5509.338412034324
21975,5914.112436008838
21976,7073.1826201772055
21977,3392.2789074979232
21978,7582.551082998409
21979,7197.072094687887
21980,5095.452013294257
21981,7733.661170487777
21982,4801.69186073914
21983,5121.0056181850705
21984,7246.299181397713
21985,4432.276602711121
21986,6372.4591729820495
21987,6076.1316471371565
21988,5407.933845272657
21989,4398.599454372426
21990,6076.1316471371565
21991,3385.970291544323
21992,5880.8480026423595
21993,6647.531782581725
21994,7774.846485818358
21995,4038.5666013571745
21996,7073.1826201772055
21997,6607.273069310761
21998,3457.885058525642
21999,5978.286441654449
22000,5582.631216827213
22001,5914.112436008838
22002,6563.794170390632
22003,4852.430739301806
22004,6181.306152134359
22005,7506.721155029206
22006,5818.456564642338
22007,5683.782916751609
22008,7348.210417731509
22009,6538.230952721237
22010,7038.977831815415
22011,5490.354935090039
22012,5448.575340655794
22013,7137.75715826376
22014,6137.691262536359
22015,6462.859900096653
22016,7043.059836376126
22017,7100.750800138608
22018,6495.908220434402
22019,8026.901804707315
22020,5735.892821825295
22021,7587.336105271999
22022,5403.905107560924
22023,3808.7726217331633
22024,5833.478640912981
22025,7047.4809213906055
22026,5448.575340655794
22027,4216.086243460657
22028,8028.255525044353
22029,6934.217247353422
22030,4520.830232834798
22031,8106.929756812402
22032,4281.182774459456
22033,6607.10184764076
22034,7763.008317268467
22035,6870.691200089897
22036,4216.086243460657
22037,5199.797820636814
22038,7502.902661157958
22039,7046.907644463248
22040,5573.88887058641
22041,7745.031374382606
22042,5368.497421137285
22043,7926.183663304738
22044,5723.798042847795
22045,7920.261858581728
22046,6472.571550707213
22047,8026.901804707315
22048,7588.077161669766
22049,5880.933645202703
22050,4151.451078245814
22051,4164.879209890878
22052,4750.160498999558
22053,6406.511774878953
22054,6137.537965684508
22055,7046.907644463248
22056,3457.885058525642
22057,6221.794414116328
22058,6888.0041950213745
22059,4164.879209890878
22060,7534.548467582895
22061,5485.799524978139
22062,6808.098829637224
22063,4281.182774459456
22064,6957.914919745601
22065,7007.471236190548
22066,5997.9205894975485
22067,6818.046167812439
22068,6036.493069123471
22069,6233.047773577099
22070,5701.012632660712
22071,6674.324785540192
22072,5674.907086134943
22073,4251.021983698831
22074,5944.563481922111
22075,5880.057391260612
22076,6752.2529007184485
22077,5739.0829001250395
22078,6447.290165112203
22079,4461.155911738117
22080,4798.453258529025
22081,6532.397741015363
22082,6152.484725993582
22083,7379.339069358833
22084,6137.691373575057
22085,7602.649166378155
22086,3614.0531331299367
22087,6434.865696382126
22088,5909.008938891016
22089,4398.523884608122
22090,4475.664656114844
22091,4813.030831034911
22092,7349.225247966829
22093,4441.196769493034
22094,6692.372111096963
22095,6039.087757932587
22096,6385.691638581212
22097,5701.012632660712
22098,4993.505292165596
22099,6432.584200147823
22100,4164.879209890878
22101,4666.747643270385
22102,7786.979240030059
22103,6457.521778213128
22104,6726.496919871931
22105,7586.582961518987
22106,6832.931127155577
22107,6886.077070855614
22108,7146.713888502163
22109,6538.230952721237
22110,4357.2848741364505
22111,6538.230952721237
22112,6137.691373575057
22113,7998.057266654997
22114,7526.469196849574
22115,6276.013530955362
22116,7926.183663304738
22117,5585.052907347182
22118,5939.962339729924
22119,6343.097384956094
22120,4548.197829322309
22121,4801.69186073914
22122,6221.794414116328
22123,6607.273069310761
22124,6126.763531984409
22125,6967.234048564034
22126,6463.0337866953705
22127,5429.655124043173
22128,8005.899311144582
22129,7875.418214768266
22130,7132.388262798634
22131,3271.8691795208115
22132,4123.688929544299
22133,3631.254787974167
22134,6213.382455585623
22135,6076.1316471371565
22136,4303.863792409157
22137,5436.930220811104
22138,6953.730458193363
22139,6417.088639012634
22140,6663.738514842648
22141,6105.751727033842
22142,6507.330073185774
22143,4453.66903245062
22144,6607.273069310761
22145,5994.793850842822
22146,6152.484725993582
22147,7713.465135115048
22148,4868.6661354090975
22149,5479.671886237162
22150,5345.928837799123
22151,6608.849216019558
22152,4357.2848741364505
22153,4548.197829322309
22154,3833.241584773898
22155,6709.183528373681
22156,6432.584200147823
22157,7305.229099073063
22158,3680.329117162952
22159,5831.894578731391
22160,7502.902661157958
22161,6762.142007028686
22162,6215.225682084842
22163,7087.107983105196
22164,5392.337809979808
22165,6147.749766309442
22166,6692.428185638694
22167,6727.365163165201
22168,6280.336790878224
22169,7246.273055578693
22170,7491.779597676195
22171,5484.325962162237
22172,6432.584200147823
22173,4459.675797639122
22174,6434.98057384499
22175,7470.913174104686
22176,5337.907164423943
22177,3409.652355068308
22178,5034.009607170545
22179,4357.2848741364505
22180,5154.832890841433
22181,7755.564187879121
22182,6372.4591729820495
22183,4072.8770985580322
22184,3385.970291544323
22185,6511.345581429953
22186,7317.516768129055
22187,6114.542216480912
22188,7219.5313366353375
22189,5203.400851848839
22190,4038.5666013571745
22191,5500.513786119414
22192,7148.534843811399
22193,5830.49634773973
22194,6426.212022471812
22195,5792.101641066902
22196,7989.273550568412
22197,4196.989491183272
22198,7046.907644463248
22199,5110.632700411515
22200,5585.052907347182
22201,6495.908220434402
22202,4520.830232834798
22203,6406.511774878953
22204,5280.096151967876
22205,7310.786728596896
22206,4178.686459371135
22207,7513.166919635655
22208,6846.278708157668
22209,7087.107983105196
22210,7309.1090132061445
22211,5528.435909857243
22212,4766.307080012322
22213,5582.631216827213
22214,7733.661170487777
22215,7470.913174104686
22216,6140.183779882024
22217,5404.059387898375
22218,4463.793112505319
22219,6182.567107571806
22220,7263.633400582893
22221,6710.226800377976
22222,7896.647021057137
22223,6276.01453030363
22224,5869.225312614361
22225,5974.761819624823
22226,5501.918949098273
22227,6177.688558990422
22228,4290.9870313428955
22229,6506.127666866723
22230,6126.177691821679
22231,4958.547534540174
22232,7341.981654463361
22233,7466.935165214582
22234,5840.121816459135
22235,3680.329117162952
22236,7048.40423987734
22237,5910.480328521001
22238,6536.240520635802
22239,7427.900114241714
22240,7363.917840699615
22241,4398.599454372426
22242,6663.738514842648
22243,5442.876485772686
22244,5997.9205894975485
22245,6673.6752250283425
22246,7159.675261055157
22247,7416.558748682633
22248,5271.273572337516
22249,5939.962339729924
22250,7715.29763844872
22251,7246.299181397713
22252,5739.0829001250395
22253,6181.318112588238
22254,5974.538076651376
22255,6808.098829637224
22256,7029.778386849137
22257,4170.404273351296
22258,5941.551684180932
22259,5448.575340655794
22260,3409.652355068308
22261,7322.574549029259
22262,2962.8560536570153
22263,6070.435187517358
22264,7498.859980158479
22265,6820.894278652307
22266,7936.804752564968
22267,6372.4591729820495
22268,5480.467541948263
22269,5627.016603940221
22270,7713.465135115048
22271,6513.6835329100895
22272,5914.112436008838
22273,4178.686459371135
22274,5976.068285065164
22275,2497.756419042838
22276,5978.286441654449
22277,6428.093969750768
22278,6599.686413823124
22279,5332.134928825119
22280,4475.664656114844
22281,7882.661332391605
22282,4357.2848741364505
22283,6373.161841716169
22284,5653.373653113562
22285,8073.455507897552
22286,5914.112436008838
22287,5914.112436008838
22288,6070.435187517358
22289,4710.270672141037
22290,6003.758750356753
22291,7146.713888502163
22292,7132.388262798634
22293,5416.511552851894
22294,5696.76061199299
22295,7499.272853757407
22296,5880.933645202703
22297,5805.315531478407
22298,5448.249140690821
22299,3846.544369593287
22300,7526.469196849574
22301,4178.686459371135
22302,5520.185020887146
22303,5738.020529464946
22304,6463.0337866953705
22305,5409.529725144088
22306,6539.71136821098
22307,7198.919366168192
22308,7246.273055578693
22309,7322.574549029259
22310,6385.691638581212
22311,5375.643316450503
22312,5304.93376348099
22313,4112.234034849382
22314,8016.485708743494
22315,6512.47191037923
22316,4870.124819039669
22317,6758.2968797329495
22318,4871.99831151502
22319,3837.2863755086114
22320,4932.3354701791195
22321,5792.101641066902
22322,4679.461589882237
22323,5006.554654954231
22324,7526.469196849574
22325,5909.008938891016
22326,6654.236410115055
22327,5573.88887058641
22328,7763.008317268467
22329,5304.93376348099
22330,5350.2237035410235
22331,5825.595670732399
22332,3148.584548652634
22333,5276.9219997897435
22334,5944.563481922111
22335,3198.7514351642894
22336,7763.008317268467
22337,5345.928837799123
22338,5978.286441654449
22339,4392.412156126086
22340,5831.894578731391
22341,6607.273069310761
22342,7188.382222162515
22343,4571.293925782196
22344,6336.326403870271
22345,6321.559240721448
22346,4525.604420904145
22347,7110.523046152114
22348,5831.894578731391
22349,5628.66111876072
22350,6321.475311329566
22351,7188.382222162515
22352,6385.691638581212
22353,4538.372490949205
22354,5790.55545894349
22355,5121.0056181850705
22356,7926.183663304738
22357,8141.372945255577
22358,5409.529725144088
22359,7507.258963024366
22360,7896.647021057137
22361,4089.899584534125
22362,4509.008053857204
22363,5739.0829001250395
22364,3558.571982191833
22365,4993.505292165596
22366,4290.084841933838
22367,5836.543991031214
22368,6385.691638581212
22369,6360.8615459741195
22370,7307.522571623916
22371,7580.431322556895
22372,4290.598776609249
22373,7006.0997337994
22374,4805.379979318026
22375,5974.538076651376
22376,5674.907086134943
22377,7087.107983105196
22378,5304.93376348099
22379,7047.4809213906055
22380,4290.9870313428955
22381,7502.902661157958
22382,7100.750800138608
22383,4932.3354701791195
22384,7341.981654463361
22385,6105.751727033842
22386,5408.612640687029
22387,6343.097384956094
22388,5941.551684180932
22389,5688.879846723667
22390,7022.726382685144
22391,7586.582961518987
22392,5406.657122340307
22393,4548.197829322309
22394,7305.229099073063
22395,7198.919366168192
22396,4461.155911738117
22397,4528.628068060507
22398,6758.2968797329495
22399,5883.787165213356
22400,6836.142128318276
22401,6674.324785540192
22402,7767.176852699093
22403,4368.368043000828
22404,7024.463947933309
22405,8261.39318121071
22406,6637.98902182854
22407,7305.229099073063
22408,7502.700840395735
22409,5860.827281508732
22410,5880.057391260612
22411,3614.0531331299367
22412,5363.665112241657
22413,6220.999218422683
22414,5674.907086134943
22415,4074.2155272802947
22416,6175.950565450142
22417,4369.238856046789
22418,6434.865696382126
22419,7231.932867943254
22420,6267.27240614022
22421,5350.196435609698
22422,6807.621902573088
22423,7753.452739477172
22424,6220.999218422683
22425,6293.828864949802
22426,2634.544878221752
22427,5490.354935090039
22428,5673.42203874529
22429,7209.382621852685
22430,6152.484725993582
22431,5500.513786119414
22432,7250.90425753229
22433,4525.604420904145
22434,5533.0126235362
22435,8239.162171372576
22436,4165.08816885502
22437,6727.365163165201
22438,5939.962339729924
22439,5385.385486839929
22440,5460.301312534209
22441,6692.428185638694
22442,7038.977831815415
22443,6482.036013316693
22444,5923.197701469774
22445,5722.92835605147
22446,5500.538357396683
22447,5203.400851848839
22448,7198.919366168192
22449,6102.675098556579
22450,5978.286441654449
22451,4679.461589882237
22452,5183.39599338614
22453,6100.970083509158
22454,3833.241584773898
22455,5729.1923661744195
22456,7499.272853757407
22457,5183.39599338614
22458,6521.487998732246
22459,5121.0056181850705
22460,5280.096151967876
22461,5644.989898411768
22462,7181.376616310988
22463,5001.503536375815
22464,7046.907644463248
22465,4479.166562799699
22466,6418.151564866211
22467,7637.086073203643
22468,6175.950565450142
22469,4993.875812433144
22470,6872.752125884939
22471,6819.043802912473
22472,1768.3700455148228
22473,5738.020529464946
22474,3501.9471326797857
22475,7637.086073203643
22476,8189.081197086671
22477,4275.825363568081
22478,6463.0337866953705
22479,6513.6835329100895
22480,6114.542216480912
22481,7181.588033989123
22482,6846.278708157668
22483,8189.081197086671
22484,6032.947476642878
22485,6905.052378524372
22486,5585.052907347182
22487,7713.542893927939
22488,7047.399545888742
22489,6392.478688552688
22490,5121.0056181850705
22491,3385.970291544323
22492,5485.799524978139
22493,6943.005849142653
22494,6475.413205440012
22495,5931.758578755155
22496,6538.230952721237
22497,6607.10184764076
22498,6082.9186495206195
22499,5825.595670732399
22500,5994.793850842822
22501,4123.688929544299
22502,5966.6522511900275
22503,5671.3567189904
22504,5107.65581640905
22505,4801.69186073914
22506,7896.647021057137
22507,7291.5906918621695
22508,4592.511612338746
22509,5166.571013525778
22510,5304.93376348099
22511,6146.558368684017
22512,7419.60963204498
22513,6903.055759997274
22514,4186.740968475137
22515,7209.382621852685
22516,5403.905107560924
22517,5429.655124043173
22518,6631.24562592746
22519,7047.399545888742
22520,7207.920543610537
22521,5726.100890237167
22522,7502.700840395735
22523,5833.478640912981
22524,7502.902661157958
22525,5350.2237035410235
22526,6538.230952721237
22527,6100.970083509158
22528,4170.404273351296
22529,6617.610137448019
22530,7685.86351664333
22531,6276.045478374612
22532,5615.060988174777
22533,5490.354935090039
22534,3469.924556094956
22535,5436.930220811104
22536,5831.894578731391
22537,5974.229166997715
22538,6342.408548471025
22539,6177.688558990422
22540,5345.928837799123
22541,6663.249944578051
22542,6392.478688552688
22543,5944.563481922111
22544,6293.828864949802
22545,5894.806550277932
22546,8241.343161723877
22547,6836.142128318276
22548,5678.811730172002
22549,5851.602805247728
22550,7502.902661157958
22551,7310.786728596896
22552,5429.703758992239
22553,1974.7991039947215
22554,5678.811730172002
22555,3148.584548652634
22556,6617.562787375298
22557,4930.707547712413
22558,5121.0056181850705
22559,4275.369327641559
22560,5812.259955008163
22561,5483.201251205394
22562,4038.5666013571745
22563,3789.9276734940963
22564,6977.797492878112
22565,6197.992777778883
22566,6447.290165112203
22567,6039.087757932587
22568,7148.534843811399
22569,5492.1544123428375
22570,5199.823978181175
22571,5641.384836777864
22572,7184.439983595355
22573,6456.051054815323
22574,5683.782916751609
22575,4538.372490949205
22576,6663.840051799262
22577,5836.543991031214
22578,6417.088639012634
22579,5088.662028728661
22580,5088.662028728661
22581,7038.977831815415
22582,3666.8307614736864
22583,5830.49634773973
22584,6321.475311329566
22585,4164.879209890878
22586,5840.121816459135
22587,5219.279718564343
22588,5944.563481922111
22589,5456.434278889919
22590,6084.040536922035
22591,7502.699254128644
22592,5974.229166997715
22593,6321.559240721448
22594,6674.324785540192
22595,6153.362915181526
22596,5910.480328521001
22597,6818.046167812439
22598,4089.899584534125
22599,5765.665230950906
22600,4520.830232834798
22601,6324.159640092096
22602,4528.628068060507
22603,5738.020529464946
22604,3685.5095640974478
22605,7489.267553382619
22606,4461.155911738117
22607,3680.329117162952
22608,6767.809025531242
22609,3947.7670232447463
22610,5429.703758992239
22611,6663.840051799262
22612,7303.301467301833
22613,4513.622139988869
22614,3631.254787974167
22615,6123.462446713509
22616,6603.580128479914
22617,3629.3808672067016
22618,5735.892821825295
22619,8023.071540734241
22620,4432.276602711121
22621,6536.240520635802
22622,5199.797820636814
22623,7702.987127146591
22624,7024.463947933309
22625,6434.98057384499
22626,4479.166562799699
22627,6935.956049889917
22628,5879.004538203076
22629,5219.279718564343
22630,5528.435909857243
22631,3233.547837701028
22632,6147.749766309442
22633,5616.203084618956
22634,6663.840051799262
22635,6727.365163165201
22636,4479.166562799699
22637,7462.037010371931
22638,5517.849670885042
22639,4164.526979282911
22640,4178.686459371135
22641,6510.1676036241315
22642,7462.056204203754
22643,6536.240520635802
22644,6727.365163165201
22645,5678.811730172002
22646,5673.42203874529
22647,6940.77439963513
22648,7813.104900422566
22649,7896.647021057137
22650,3198.7514351642894
22651,6825.467708758383
22652,7927.147526778365
22653,4926.078360318023
22654,6426.212022471812
22655,4461.155911738117
22656,6076.1316471371565
22657,7104.274026253192
22658,5403.905107560924
22659,6299.217477714893
22660,6322.266620668832
22661,5568.871539497071
22662,4216.086243460657
22663,6870.691200089897
22664,5941.264204995696
22665,7602.649166378155
22666,6372.4591729820495
22667,5974.229166997715
22668,4148.203656390662
22669,4679.461589882237
22670,6039.9944999282
22671,7580.431322556895
22672,5304.93376348099
22673,6538.230952721237
22674,6935.956049889917
22675,5742.522006495689
22676,7363.917840699615
22677,6034.415820640046
22678,7587.6550877217005
22679,7132.388262798634
22680,8026.901804707315
22681,7470.609277055039
22682,6511.345581429953
22683,4795.599817831726
22684,6607.273069310761
22685,4357.2848741364505
22686,6095.5747449715955
22687,4196.989491183272
22688,5678.811730172002
22689,6428.093969750768
22690,6752.2529007184485
22691,6513.6835329100895
22692,7179.981066110711
22693,8196.451517468187
22694,7777.715884362611
22695,4207.995741956318
22696,7209.382621852685
22697,5974.229166997715
22698,6434.691238727253
22699,5742.522006495689
22700,6105.751727033842
22701,4525.604420904145
22702,4178.686459371135
22703,4151.451078245814
22704,5480.298747266913
22705,5953.527778654547
22706,8026.901804707315
22707,6692.428185638694
22708,7041.470714002511
22709,4040.6841410247603
22710,7466.935165214582
22711,3409.652355068308
22712,6663.840051799262
22713,5429.655124043173
22714,7132.388262798634
22715,5529.275314814766
22716,6280.336790878224
22717,7038.977831815415
22718,7303.429494918897
22719,6728.95365103198
22720,5199.797820636814
22721,4216.086243460657
22722,6177.019709470723
22723,6153.362915181526
22724,5729.1923661744195
22725,8067.171510809233
22726,5894.806550277932
22727,4479.166562799699
22728,4822.094031520584
22729,5678.811730172002
22730,5860.827281508732
22731,6819.043802912473
22732,5836.543991031214
22733,5934.256616310302
22734,5407.933845272657
22735,7209.382621852685
22736,7022.726382685144
22737,7989.273550568412
22738,6569.286429847569
22739,6807.621902573088
22740,5974.538076651376
22741,5894.806550277932
22742,7148.534843811399
22743,7761.975022884185
22744,5582.378698968703
22745,5701.012632660712
22746,7258.791780299429
22747,3631.254787974167
22748,7637.408318604754
22749,5114.207480206616
22750,7234.015763537532
22751,6132.520364929764
22752,5280.096151967876
22753,6847.207530991214
22754,6126.512536942309
22755,7197.072094687887
22756,5628.66111876072
22757,4192.444375944803
22758,6133.38852890968
22759,5923.197701469774
22760,6028.314736010201
22761,7073.1826201772055
22762,7580.4896337352275
22763,7258.791780299429
22764,4290.9870313428955
22765,7052.080144199609
22766,5513.18471316771
22767,8028.255525044353
22768,4930.707547712413
22769,5894.868985750707
22770,5529.233754616933
22771,6276.013530955362
22772,4164.879209890878
22773,5501.918949098273
22774,7246.273055578693
22775,5821.739661644406
22776,7516.900722706813
22777,6670.504483324459
22778,7882.661332391605
22779,6552.276982986979
22780,5628.66111876072
22781,7047.399545888742
22782,7305.229099073063
22783,7470.609277055039
22784,5102.029279442703
22785,4196.989491183272
22786,5345.928837799123
22787,8028.255525044353
22788,4441.196769493034
22789,5480.467541948263
22790,6539.71136821098
22791,7305.229099073063
22792,4805.379979318026
22793,6153.362915181526
22794,5729.1923661744195
22795,4028.0915121201688
22796,6846.147333517038
22797,5785.754002942816
22798,6364.96866114291
22799,6126.763531984409
22800,7927.147526778365
22801,7094.665451278324
22802,7580.431322556895
22803,4922.905826132326
22804,6532.397741015363
22805,5955.301685281808
22806,7926.183663304738
22807,5199.823978181175
22808,5203.400851848839
22809,4766.307080012322
22810,3385.970291544323
22811,4815.270973286102
22812,6606.418769305237
22813,3409.652355068308
22814,7291.5906918621695
22815,7043.059836376126
22816,5154.832890841433
22817,6495.908220434402
22818,7184.439983595355
22819,7046.907644463248
22820,5110.632700411515
22821,8305.162620811565
22822,6292.750393678717
22823,7363.917840699615
22824,5429.703758992239
22825,6630.715162348941
22826,6934.217247353422
22827,5939.962339729924
22828,5805.315531478407
22829,4514.040248269202
22830,8067.171510809233
22831,6811.822750264395
22832,4018.1595290104133
22833,4290.309568392881
22834,4930.707547712413
22835,5501.918949098273
22836,4415.684788250737
22837,4766.307080012322
22838,5280.096151967876
22839,6322.266620668832
22840,6364.96866114291
22841,6819.043802912473
22842,7920.261858581728
22843,4525.604420904145
22844,4813.030831034911
22845,6385.691638581212
22846,7380.032379117104
22847,7860.922017764244
22848,4178.686459371135
22849,5403.905107560924
22850,6190.138836286101
22851,5244.449351642661
22852,5490.354935090039
22853,5615.060988174777
22854,5894.868985750707
22855,4513.62369453062
22856,6847.207530991214
22857,6692.428185638694
22858,5199.823978181175
22859,5669.163895086588
22860,7526.469196849574
22861,7100.750800138608
22862,5513.18471316771
22863,6447.290165112203
22864,7309.1090132061445
22865,5762.298061792916
22866,5831.894578731391
22867,7926.183663304738
22868,4877.870148824604
22869,4998.543799920624
22870,3837.2863755086114
22871,5005.221476776047
22872,5673.42203874529
22873,5480.467541948263
22874,7753.452739477172
22875,7031.131647168717
22876,5403.905107560924
22877,7317.516768129055
22878,6276.013578543375
22879,6315.030355719334
22880,4290.9870313428955
22881,5573.88887058641
22882,6846.278708157668
22883,3951.536691814876
22884,5812.259955008163
22885,5199.823978181175
22886,5304.93376348099
22887,7317.516768129055
22888,3457.885058525642
22889,6136.41436511463
22890,7250.90425753229
22891,5641.384836777864
22892,3969.537428707128
22893,5490.354935090039
22894,7291.5906918621695
22895,5156.025573343204
22896,5483.201251205394
22897,4956.637827587092
22898,5102.029279442703
22899,4028.0915121201688
22900,7027.341214362343
22901,6539.71136821098
22902,5573.88887058641
22903,6818.1654868231635
22904,6603.580128479914
22905,6039.087757932587
22906,5409.466274460374
22907,6095.5747449715955
22908,3469.924556094956
22909,6674.324785540192
22910,4415.684788250737
22911,4233.4579461372405
22912,5199.823978181175
22913,6343.097384956094
22914,7022.726382685144
22915,7926.183663304738
22916,7753.452739477172
22917,5696.76061199299
22918,6663.249944578051
22919,3198.7514351642894
22920,7860.922017764244
22921,5923.197701469774
22922,6150.082657597553
22923,2553.581345785304
22924,6042.172270157303
22925,4478.643110521731
22926,6819.043802912473
22927,6510.1676036241315
22928,6039.087757932587
22929,8026.901804707315
22930,1768.3700455148228
22931,7470.913174104686
22932,7502.700840395735
22933,5994.793850842822
22934,7341.981654463361
22935,5909.008938891016
22936,6434.691238727253
22937,5941.264204995696
22938,4040.6841410247603
22939,6818.045977460389
22940,5738.020529464946
22941,8090.503738988562
22942,4196.989491183272
22943,5628.66111876072
22944,5923.197701469774
22945,6834.468315144573
22946,6811.822750264395
22947,5573.88887058641
22948,4171.048504005714
22949,5479.671886237162
22950,5244.449351642661
22951,8261.39318121071
22952,5617.41032905264
22953,6934.217247353422
22954,5831.894578731391
22955,8106.929756812402
22956,5490.354935090039
22957,6644.931145271012
22958,6663.249944578051
22959,6977.797492878112
22960,4562.4575139027875
22961,7582.551082998409
22962,6836.142128318276
22963,4303.863792409157
22964,5484.325962162237
22965,7143.788225064125
22966,5573.88887058641
22967,5994.793850842822
22968,6042.172270157303
22969,4993.505292165596
22970,5739.0829001250395
22971,7637.086073203643
22972,6276.045478374612
22973,7193.959727613022
22974,6429.538519741541
22975,6670.504483324459
22976,4290.9870313428955
22977,5706.215731489294
22978,2553.581345785304
22979,5673.42203874529
22980,6127.230465565862
22981,2077.8641275611703
22982,7029.778386849137
22983,5485.799524978139
22984,7317.516768129055
22985,3371.120023862506
22986,4398.599454372426
22987,4979.208155819057
22988,5627.016603940221
22989,5121.0056181850705
22990,7305.229099073063
22991,7132.388262798634
22992,4993.505292165596
22993,4481.051206732714
22994,5994.793850842822
22995,4194.786483444723
22996,4837.265550014046
22997,4380.38016160012
22998,6654.236410115055
22999,7031.131647168717
23000,6727.365226615885
23001,5585.052907347182
23002,6846.147333517038
23003,7327.628760828507
23004,3148.584548652634
23005,4710.270672141037
23006,6417.088639012634
23007,6513.6835329100895
23008,5722.92835605147
23009,4479.166562799699
23010,6324.159640092096
23011,7502.700840395735
23012,4303.863792409157
23013,5812.259955008163
23014,5568.024060440046
23015,6417.088639012634
23016,6483.047861369879
23017,7775.057665556427
23018,7246.299181397713
23019,6617.562787375298
23020,4653.851085590803
23021,4979.149146683201
23022,5825.595670732399
23023,6606.418769305237
23024,7513.166919635655
23025,6322.266620668832
23026,3614.0531331299367
23027,6463.0337866953705
23028,4165.08816885502
23029,6374.252765183935
23030,5189.0094277863
23031,6126.512536942309
23032,7179.981066110711
23033,6299.217477714893
23034,7380.032379117104
23035,6434.98057384499
23036,4303.863792409157
23037,7188.382222162515
23038,4795.599817831726
23039,6182.567107571806
23040,5964.10551523513
23041,4481.051206732714
23042,5947.966437265715
23043,4475.664656114844
23044,7722.843653773438
23045,6415.298028992886
23046,6617.562787375298
23047,6825.467708758383
23048,3148.584548652634
23049,7159.675261055157
23050,6818.046167812439
23051,4040.6841410247603
23052,5448.249140690821
23053,6482.036013316693
23054,6935.956049889917
23055,5097.396078792569
23056,6807.621902573088
23057,2634.544878221752
23058,4562.4575139027875
23059,7781.573955597824
23060,5804.78392578758
23061,6511.345581429953
23062,5473.927426175132
23063,7755.564187879121
23064,5403.905107560924
23065,7258.791780299429
23066,7489.267553382619
23067,7755.564187879121
23068,5628.66111876072
23069,6563.794170390632
23070,6538.546730911411
23071,5253.08484693209
23072,4151.451078245814
23073,5088.662028728661
23074,5156.025573343204
23075,7148.534843811399
23076,4870.124819039669
23077,6181.318112588238
23078,5490.354935090039
23079,4357.2848741364505
23080,7156.131096214947
23081,7246.273055578693
23082,5408.612640687029
23083,4164.526979282911
23084,3789.9276734940963
23085,6724.64017837708
23086,4281.182774459456
23087,4455.410341289124
23088,6140.183779882024
23089,7305.229099073063
23090,5840.121816459135
23091,5653.373653113562
23092,7027.341214362343
23093,5490.354935090039
23094,5350.2237035410235
23095,6197.992777778883
23096,6513.6835329100895
23097,5995.843103074059
23098,4290.9870313428955
23099,7416.558748682633
23100,5154.832890841433
23101,4729.167126472608
23102,6509.27250482898
23103,6186.0199668781515
23104,7246.299181397713
23105,6136.571405556821
23106,7792.6760327659495
23107,6846.147333517038
23108,6276.045478374612
23109,5528.435909857243
23110,4303.863792409157
23111,7489.267553382619
23112,6221.794414116328
23113,6417.088639012634
23114,4528.628068060507
23115,7209.382621852685
23116,5812.259955008163
23117,5792.101641066902
23118,5910.480328521001
23119,6186.0199668781515
23120,6076.1316471371565
23121,6934.217247353422
23122,5189.0094277863
23123,5392.337809979808
23124,6894.573482246342
23125,5427.815704584976
23126,5825.595670732399
23127,4320.462364367358
23128,5392.337809979808
23129,6513.6835329100895
23130,5203.400851848839
23131,7148.534907262083
23132,7371.156738852489
23133,6465.6844231448495
23134,5640.235253153006
23135,6218.355513960401
23136,4290.9870313428955
23137,5678.811730172002
23138,7380.032379117104
23139,5427.815704584976
23140,5739.0829001250395
23141,4514.040248269202
23142,5729.1923661744195
23143,5286.485033036375
23144,5833.478640912981
23145,7027.341214362343
23146,6513.6835329100895
23147,4813.030831034911
23148,4998.543799920624
23149,6821.814345291502
23150,6280.336790878224
23151,7713.542893927939
23152,7526.469196849574
23153,5974.761819624823
23154,7087.107983105196
23155,5085.870991778794
23156,7767.176852699093
23157,6061.047135393739
23158,7043.059836376126
23159,5628.66111876072
23160,4357.2848741364505
23161,7246.273055578693
23162,6820.894278652307
23163,4170.404273351296
23164,5804.78392578758
23165,5706.215731489294
23166,5939.962339729924
23167,6808.098829637224
23168,6819.043802912473
23169,6934.217247353422
23170,5304.93376348099
23171,5480.467541948263
23172,4303.863792409157
23173,6181.306152134359
23174,6453.335619355101
23175,7368.655037020358
23176,6513.6835329100895
23177,3146.247659971449
23178,5410.244830212216
23179,6536.240520635802
23180,5825.595670732399
23181,2975.7567197683666
23182,4368.368043000828
23183,5805.315531478407
23184,4822.094031520584
23185,6384.769097365353
23186,4877.870148824604
23187,5836.543991031214
23188,5939.962339729924
23189,3837.2863755086114
23190,7637.408291638212
23191,7029.778386849137
23192,5505.551151762136
23193,5914.112436008838
23194,3457.885058525642
23195,6791.162113122842
23196,6846.278708157668
23197,8302.536571502025
23198,6606.418769305237
23199,4281.182774459456
23200,6703.085505239327
23201,5735.892821825295
23202,4089.899584534125
23203,4815.270973286102
23204,5627.016603940221
23205,5673.42203874529
23206,6555.885946837932
23207,5805.315531478407
23208,7786.979240030059
23209,7889.753453250378
23210,4979.208155819057
23211,7634.662019145705
23212,5403.905107560924
23213,7582.551082998409
23214,5723.254048410973
23215,5490.354935090039
23216,6630.715162348941
23217,7303.301467301833
23218,5997.9205894975485
23219,6126.512536942309
23220,4479.166562799699
23221,5480.467652986959
23222,5448.575340655794
23223,4151.451078245814
23224,3631.254787974167
23225,4028.0915121201688
23226,6818.046167812439
23227,7470.913174104686
23228,6153.362915181526
23229,3680.329117162952
23230,4823.822158479547
23231,6495.908220434402
23232,5706.215731489294
23233,7920.261858581728
23234,4805.379979318026
23235,7926.183663304738
23236,3385.970291544323
23237,7781.573955597824
23238,7513.166919635655
23239,4343.787787460858
23240,5084.814442718932
23241,6175.950565450142
23242,5765.665230950906
23243,5892.52762379632
23244,1974.7991039947215
23245,4822.094031520584
23246,4178.686459371135
23247,6061.047135393739
23248,7502.902661157958
23249,6988.216777238792
23250,6146.558368684017
23251,5821.739661644406
23252,6190.138836286101
23253,7380.032379117104
23254,5408.612640687029
23255,5995.843103074059
23256,7936.804752564968
23257,6034.415820640046
23258,4186.740968475137
23259,6538.230952721237
23260,7733.661170487777
23261,5931.758578755155
23262,6100.114673116669
23263,4275.369327641559
23264,6846.278708157668
23265,7763.008317268467
23266,6870.691200089897
23267,7303.301467301833
23268,5289.6224314059655
23269,7305.229099073063
23270,4461.155911738117
23271,3558.571982191833
23272,6555.885946837932
23273,7146.713888502163
23274,6878.881620558416
23275,4038.5666013571745
23276,6513.6835329100895
23277,6137.691373575057
23278,7193.959727613022
23279,6692.428185638694
23280,5939.962339729924
23281,3666.8307614736864
23282,6506.127666866723
23283,7767.176852699093
23284,5325.99258538819
23285,6934.217247353422
23286,5617.029783577065
23287,4303.863792409157
23288,5785.754002942816
23289,7179.981066110711
23290,5966.6522511900275
23291,6762.142007028686
23292,7416.558748682633
23293,5869.225312614361
23294,6372.4591729820495
23295,7209.382621852685
23296,5448.249140690821
23297,3501.9471326797857
23298,6710.226800377976
23299,4395.841824207534
23300,7489.267553382619
23301,6315.030355719334
23302,7156.131096214947
23303,7148.534843811399
23304,5448.249140690821
23305,5416.511552851894
23306,7489.267553382619
23307,6336.326403870271
23308,7998.057266654997
23309,6538.230952721237
23310,4475.664656114844
23311,6076.1316471371565
23312,6552.276982986979
23313,7284.055827995113
23314,4837.265550014046
23315,6426.212022471812
23316,6385.691638581212
23317,5833.478640912981
23318,7159.675261055157
23319,7303.429494918897
23320,6364.96866114291
23321,7025.695398802829
23322,7029.778386849137
23323,7031.131647168717
23324,4750.444409083837
23325,7502.902661157958
23326,5644.989850823755
23327,5304.93376348099
23328,7341.981654463361
23329,5219.279718564343
23330,5219.279718564343
23331,6690.274605982759
23332,7188.382222162515
23333,5706.215731489294
23334,5830.49634773973
23335,6456.051054815323
23336,6647.531782581725
23337,6564.019610669869
23338,6465.6844231448495
23339,6967.234048564034
23340,7146.713888502163
23341,7634.662019145705
23342,5373.427206145768
23343,5964.10551523513
23344,5430.374813423198
23345,6429.538519741541
23346,7637.086073203643
23347,7534.548467582895
23348,5931.758578755155
23349,5585.052907347182
23350,7767.176852699093
23351,7210.0268207817635
23352,6819.043802912473
23353,4164.879209890878
23354,4998.543799920624
23355,5183.39599338614
23356,6126.177691821679
23357,6651.860086833943
23358,5403.905107560924
23359,7775.057665556427
23360,3198.7514351642894
23361,3198.7514351642894
23362,8305.162620811565
23363,5409.529725144088
23364,6197.992777778883
23365,3808.7726217331633
23366,6218.355513960401
23367,5392.337809979808
23368,5645.94034206579
23369,7489.267553382619
23370,5880.8480026423595
23371,6233.047773577099
23372,6726.744948594568
23373,5812.259955008163
23374,5833.478640912981
23375,6094.210920113176
23376,5706.215731489294
23377,5706.215731489294
23378,7380.032379117104
23379,7246.299181397713
23380,7322.574549029259
23381,5500.513786119414
23382,7210.0268207817635
23383,5762.298061792916
23384,7046.907644463248
23385,7046.907644463248
23386,6095.5747449715955
23387,7733.661170487777
23388,7781.573955597824
23389,4479.166562799699
23390,7562.361551320761
23391,6957.914919745601
23392,7672.516681186773
23393,3666.8307614736864
23394,7137.75715826376
23395,4170.404273351296
23396,5591.60222346945
23397,7526.469196849574
23398,5974.229166997715
23399,5460.280691062001
23400,4857.895746690088
23401,6538.230952721237
23402,7588.077161669766
23403,5729.1923661744195
23404,5439.27483461303
23405,7231.932867943254
23406,6506.127666866723
23407,8005.899311144582
23408,5219.279718564343
23409,4123.688929544299
23410,7526.469196849574
23411,4805.379979318026
23412,4343.787787460858
23413,5959.071813869394
23414,5048.937348137177
23415,5276.728475204416
23416,5095.452013294257
23417,7156.131096214947
23418,7516.900722706813
23419,5951.681649286547
23420,7529.674709528131
23421,6360.8615459741195
23422,6426.212022471812
23423,3198.7514351642894
23424,6070.435187517358
23425,6434.98057384499
23426,7317.516768129055
23427,5934.256616310302
23428,6039.9944999282
23429,5121.0056181850705
23430,4979.208155819057
23431,5121.0056181850705
23432,8067.171510809233
23433,5048.937348137177
23434,5280.096151967876
23435,3851.5557839063686
23436,5276.728475204416
23437,4813.030831034911
23438,3685.5095640974478
23439,6627.894969809909
23440,6513.6835329100895
23441,5276.728475204416
23442,5199.823978181175
23443,3068.2457992360464
23444,5410.956239278015
23445,6114.542216480912
23446,5778.29704065269
23447,5645.3167646089205
23448,6373.161841716169
23449,5528.435909857243
23450,7411.540212030304
23451,6137.537965684508
23452,6538.546730911411
23453,5910.480328521001
23454,5735.892821825295
23455,7636.589254350161
23456,6175.950565450142
23457,6095.5747449715955
23458,7753.452739477172
23459,5448.249140690821
23460,4380.38016160012
23461,5998.194981979271
23462,5910.480328521001
23463,4801.69186073914
23464,6818.046167812439
23465,6177.019709470723
23466,6321.475311329566
23467,7586.582961518987
23468,7864.622826479872
23469,6663.738514842648
23470,6132.520364929764
23471,5615.060988174777
23472,6710.226800377976
23473,4290.309568392881
23474,5001.503536375815
23475,7179.981066110711
23476,7380.032379117104
23477,6617.610137448019
23478,7875.418214768266
23479,4303.863792409157
23480,7031.131647168717
23481,7936.804752564968
23482,6324.159640092096
23483,7198.919366168192
23484,5818.456564642338
23485,3409.652355068308
23486,6415.298028992886
23487,7499.272853757407
23488,7456.750188366188
23489,6429.538519741541
23490,5430.374813423198
23491,6847.207530991214
23492,6152.484725993582
23493,5812.259955008163
23494,7745.031374382606
23495,6724.64017837708
23496,4380.38016160012
23497,5974.538076651376
23498,5362.404965800427
23499,4398.599454372426
23500,5628.66111876072
23501,3469.924556094956
23502,7148.534843811399
23503,6692.372111096963
23504,6807.621902573088
23505,6821.814345291502
23506,7580.431322556895
23507,5203.400851848839
23508,5974.538076651376
23509,3385.970291544323
23510,5164.7951399273215
23511,6429.538519741541
23512,4453.66903245062
23513,3385.970291544323
23514,5909.008938891016
23515,5528.435909857243
23516,5834.167905690166
23517,6132.520364929764
23518,5894.806550277932
23519,5818.456564642338
23520,4481.879729897979
23521,5818.456564642338
23522,5974.538076651376
23523,7047.4809213906055
23524,3789.9276734940963
23525,7636.589254350161
23526,4104.903593222582
23527,5894.806550277932
23528,7586.582961518987
23529,7241.028793119053
23530,7744.900142506016
23531,4089.899584534125
23532,5617.41032905264
23533,5114.207480206616
23534,5701.012632660712
23535,5645.3167646089205
23536,5941.264204995696
23537,5429.655124043173
23538,6744.947712463766
23539,4773.654669186397
23540,7375.733611158156
23541,6728.95365103198
23542,8050.808848493081
23543,5964.10551523513
23544,4805.379979318026
23545,7146.713888502163
23546,8239.162171372576
23547,5568.871539497071
23548,6456.051054815323
23549,7502.700840395735
23550,5483.201251205394
23551,2018.685943223118
23552,6095.5747449715955
23553,5812.259955008163
23554,5778.61616586643
23555,3324.112886223779
23556,4459.675797639122
23557,3851.5557839063686
23558,5490.354935090039
23559,4320.462364367358
23560,7781.573955597824
23561,4186.740968475137
23562,5479.671886237162
23563,5183.39599338614
23564,5923.197701469774
23565,6688.469069189667
23566,6726.744948594568
23567,5199.823978181175
23568,7411.540212030304
23569,5448.249140690821
23570,5350.2237035410235
23571,3629.3808672067016
23572,5931.758578755155
23573,6384.549875253123
23574,4040.6841410247603
23575,4170.404273351296
23576,7745.031374382606
23577,6105.751727033842
23578,5953.527778654547
23579,4453.66903245062
23580,6752.2529007184485
23581,6343.097384956094
23582,6888.0041950213745
23583,5668.9192768382
23584,4795.599817831726
23585,7427.900114241714
23586,4171.048504005714
23587,7792.6760327659495
23588,7672.516681186773
23589,4164.879209890878
23590,5894.806550277932
23591,2211.648181003558
23592,6152.484725993582
23593,7703.15964955561
23594,7322.574549029259
23595,7130.8360052722555
23596,5403.905107560924
23597,5939.962339729924
23598,7775.057665556427
23599,5653.373653113562
23600,5199.823978181175
23601,8005.899311144582
23602,6580.237018508326
23603,4028.0915121201688
23604,6564.019610669869
23605,4453.66903245062
23606,4441.196769493034
23607,7148.534843811399
23608,5738.020529464946
23609,5975.762294142954
23610,4290.9870313428955
23611,5529.233754616933
23612,5110.632700411515
23613,7303.301467301833
23614,5217.836025157801
23615,7513.166919635655
23616,5729.1923661744195
23617,7046.907644463248
23618,6099.890914280552
23619,6364.96866114291
23620,5923.197701469774
23621,5585.052907347182
23622,5102.029279442703
23623,3271.8691795208115
23624,7763.008317268467
23625,6152.484725993582
23626,7470.913174104686
23627,5214.813424937719
23628,4164.879209890878
23629,7602.7102852492435
23630,7587.336105271999
23631,5585.052907347182
23632,5975.762294142954
23633,4216.086243460657
23634,5909.008938891016
23635,5409.529725144088
23636,2975.7567197683666
23637,4805.379979318026
23638,4562.4575139027875
23639,5202.122399885358
23640,5967.323829089128
23641,5350.2237035410235
23642,5416.511552851894
23643,7534.548467582895
23644,4357.2848741364505
23645,6127.230465565862
23646,6940.77439963513
23647,6114.542216480912
23648,6322.266620668832
23649,5439.27483461303
23650,7516.581474557374
23651,7156.131096214947
23652,6091.740309116065
23653,4112.234034849382
23654,5836.543991031214
23655,5500.513786119414
23656,5460.301312534209
23657,5002.291276614124
23658,6150.082657597553
23659,5934.256616310302
23660,7047.399545888742
23661,7580.431322556895
23662,5345.928837799123
23663,5894.806550277932
23664,5416.511552851894
23665,6102.675098556579
23666,7303.429494918897
23667,5393.743924718922
23668,5645.3167646089205
23669,6539.71136821098
23670,6692.372111096963
23671,5529.233754616933
23672,5739.0829001250395
23673,4164.879209890878
23674,5616.203084618956
23675,5941.264204995696
23676,5723.798042847795
23677,5110.632700411515
23678,5085.870991778794
23679,7506.197226871109
23680,5615.060988174777
23681,5304.93376348099
23682,7715.29763844872
23683,6500.7925588906755
23684,5332.584461056561
23685,5501.648776087019
23686,5653.373653113562
23687,5448.249140690821
23688,5914.112436008838
23689,7502.902661157958
23690,6836.142128318276
23691,4798.453258529025
23692,6894.573482246342
23693,5568.871539497071
23694,5363.6650805163135
23695,6506.127666866723
23696,7072.913272024841
23697,5880.8480026423595
23698,6177.688558990422
23699,4290.309568392881
23700,7526.469196849574
23701,7031.131647168717
23702,5894.868985750707
23703,5392.337809979808
23704,5219.279718564343
23705,4538.372490949205
23706,4170.404273351296
23707,5591.60222346945
23708,7047.399545888742
23709,7022.726382685144
23710,7209.825872466441
23711,7246.299181397713
23712,7406.483478066379
23713,6428.093969750768
23714,7755.564187879121
23715,5941.264204995696
23716,5085.870991778794
23717,7317.535057788634
23718,5582.631216827213
23719,7896.647021057137
23720,7148.534843811399
23721,7250.90425753229
23722,4751.747590951295
23723,4956.637827587092
23724,5617.41032905264
23725,6364.96866114291
23726,6564.019610669869
23727,6373.161841716169
23728,7904.64532871804
23729,8106.929756812402
23730,4666.747643270385
23731,5199.823978181175
23732,5375.643316450503
23733,4368.368043000828
23734,3846.544369593287
23735,4979.149146683201
23736,8067.171510809233
23737,6538.546730911411
23738,6495.908220434402
23739,6846.278200552197
23740,6513.6835329100895
23741,6710.226800377976
23742,4290.9870313428955
23743,7940.033630957804
23744,6070.435187517358
23745,3233.547837701028
23746,5509.338412034324
23747,5941.264204995696
23748,7553.906906342587
23749,7303.429494918897
23750,5974.761819624823
23751,6070.435187517358
23752,7526.469196849574
23753,6066.702177579744
23754,5480.467541948263
23755,7072.913272024841
23756,5457.315085418566
23757,5944.563481922111
23758,5102.029279442703
23759,6197.992777778883
23760,5995.843103074059
23761,5923.197701469774
23762,4542.753475131576
23763,7310.786728596896
23764,6538.546730911411
23765,4290.9870313428955
23766,7828.820873370305
23767,5821.739661644406
23768,7137.75715826376
23769,7989.273550568412
23770,4459.675797639122
23771,6836.142128318276
23772,6384.769097365353
23773,5304.93376348099
23774,4072.8770985580322
23775,5804.78392578758
23776,6140.183779882024
23777,5974.538076651376
23778,7263.633400582893
23779,6819.043802912473
23780,4751.747590951295
23781,6153.362915181526
23782,6389.694488413991
23783,6061.047135393739
23784,6065.265432023068
23785,5271.273572337516
23786,8241.343161723877
23787,7502.700840395735
23788,7753.452739477172
23789,7634.662019145705
23790,5818.456564642338
23791,4178.686459371135
23792,6315.030355719334
23793,7775.057665556427
23794,7489.267553382619
23795,5995.843103074059
23796,6456.051054815323
23797,7927.147526778365
23798,6334.600941840024
23799,5894.806550277932
23800,6663.840051799262
23801,4801.69186073914
23802,3837.2863755086114
23803,3969.537428707128
23804,4290.9870313428955
23805,6095.5747449715955
23806,4798.453258529025
23807,7940.033630957804
23808,5617.41032905264
23809,3068.2457992360464
23810,4164.879209890878
23811,6555.885946837932
23812,6091.740309116065
23813,4077.154562949924
23814,5934.256616310302
23815,6465.6844231448495
23816,4475.664656114844
23817,7317.516768129055
23818,6091.740309116065
23819,5199.797820636814
23820,5940.945841190161
23821,4395.841824207534
23822,5427.978677666096
23823,7920.261858581728
23824,6647.531782581725
23825,4870.124819039669
23826,7046.907644463248
23827,4072.8770985580322
23828,7864.622826479872
23829,6070.435187517358
23830,4525.604420904145
23831,6485.327929963798
23832,6039.9944999282
23833,5678.811730172002
23834,6617.562787375298
23835,5830.49634773973
23836,5460.301312534209
23837,3808.7726217331633
23838,5102.029279442703
23839,6692.428185638694
23840,5048.937348137177
23841,2221.806889268895
23842,7470.913174104686
23843,4281.182774459456
23844,6406.511774878953
23845,4303.863792409157
23846,8079.532624031623
23847,5304.93376348099
23848,4164.879209890878
23849,7046.907644463248
23850,6186.0199668781515
23851,6218.355513960401
23852,8111.989330194423
23853,7920.261858581728
23854,5085.870991778794
23855,7586.582961518987
23856,4164.526979282911
23857,5164.7951399273215
23858,3501.9471326797857
23859,6426.212022471812
23860,7193.959727613022
23861,5674.907086134943
23862,5517.849670885042
23863,5978.286441654449
23864,6126.763531984409
23865,5154.832890841433
23866,7263.633400582893
23867,7291.5906918621695
23868,5910.480328521001
23869,6177.019709470723
23870,5834.840911229649
23871,6728.95365103198
23872,6150.082657597553
23873,6076.1316471371565
23874,8023.071540734241
23875,5362.404965800427
23876,5487.930167211911
23877,6555.889040058764
23878,5934.256616310302
23879,5974.229166997715
23880,4104.903593222582
23881,7637.408291638212
23882,6807.621902573088
23883,7755.564187879121
23884,6150.082657597553
23885,5840.121816459135
23886,5164.7951399273215
23887,4281.182774459456
23888,5778.916097248345
23889,3789.9276734940963
23890,7327.628760828507
23891,7502.700840395735
23892,4481.879729897979
23893,7411.540212030304
23894,6364.142041498156
23895,4275.369327641559
23896,6292.750393678717
23897,7722.843653773438
23898,6105.751727033842
23899,6221.794414116328
23900,7580.4896337352275
23901,7046.907644463248
23902,7420.586328419388
23903,6692.372111096963
23904,5337.907164423943
23905,4290.9870313428955
23906,6692.428185638694
23907,8005.899311144582
23908,4164.526979282911
23909,6336.326403870271
23910,6426.212022471812
23911,5748.928288914197
23912,6808.098829637224
23913,7864.622826479872
23914,5154.832890841433
23915,4993.505292165596
23916,6182.567107571806
23917,4038.5666013571745
23918,4958.547534540174
23919,4979.208155819057
23920,5805.315531478407
23921,5640.235253153006
23922,5460.301312534209
23923,6940.77439963513
23924,7197.072094687887
23925,5869.225312614361
23926,6432.584200147823
23927,7499.272853757407
23928,4357.2848741364505
23929,6292.750393678717
23930,5790.55545894349
23931,5385.385486839929
23932,5276.728475204416
23933,6692.428185638694
23934,4275.369327641559
23935,5851.602805247728
23936,7989.273550568412
23937,4998.543799920624
23938,7513.166919635655
23939,7043.059836376126
23940,5350.2237035410235
23941,6292.750393678717
23942,5951.681649286547
23943,6076.1316471371565
23944,7745.031374382606
23945,7603.45376863566
23946,6617.562787375298
23947,6825.467708758383
23948,7198.919366168192
23949,6555.885946837932
23950,5923.197701469774
23951,7209.382621852685
23952,5997.821082962814
23953,1974.7991039947215
23954,3951.536691814876
23955,7774.846485818358
23956,5617.41032905264
23957,6913.123242042102
23958,3808.7726217331633
23959,6752.2529007184485
23960,7209.382621852685
23961,5430.374813423198
23962,7234.015763537532
23963,5729.1923661744195
23964,5698.729550159317
23965,4148.203656390662
23966,4815.270973286102
23967,7586.582961518987
23968,6126.512536942309
23969,5492.1544123428375
23970,7210.0268207817635
23971,5403.905107560924
23972,7467.735722491001
23973,5645.3167646089205
23974,5005.221476776047
23975,7303.301467301833
23976,7291.5906918621695
23977,4993.505292165596
23978,7602.649166378155
23979,7698.497594707056
23980,4822.094031520584
23981,6834.468315144573
23982,5619.989456581573
23983,5121.0056181850705
23984,6039.087757932587
23985,7047.399545888742
23986,4548.197829322309
23987,5345.928837799123
23988,5994.793850842822
23989,5573.88887058641
23990,7506.721155029206
23991,5765.665230950906
23992,6617.562787375298
23993,8028.255525044353
23994,5375.643316450503
23995,5955.301685281808
23996,7634.662019145705
23997,7940.033630957804
23998,6213.382455585623
23999,7745.031374382606
24000,5452.4735603111285
24001,7565.679213082782
24002,4616.388247384341
24003,6894.573482246342
24004,5735.892821825295
24005,5409.529725144088
24006,6137.691373575057
24007,7672.516681186773
24008,7291.5906918621695
24009,7193.959727613022
24010,5239.754905220072
24011,5505.551151762136
24012,6935.956049889917
24013,7753.452739477172
24014,5939.962339729924
24015,8016.485708743494
24016,4496.80797847008
24017,6510.1676036241315
24018,8189.081197086671
24019,6039.9944999282
24020,6607.273069310761
24021,4877.870148824604
24022,7317.535057788634
24023,7317.516768129055
24024,6688.469069189667
24025,7146.713888502163
24026,5404.059387898375
24027,4824.687181650619
24028,7685.86351664333
24029,5239.754905220072
24030,5479.671886237162
24031,6415.298028992886
24032,3680.329117162952
24033,6094.210920113176
24034,6935.956049889917
24035,4164.526979282911
24036,6221.794414116328
24037,3385.970291544323
24038,6432.584200147823
24039,6233.047773577099
24040,5199.823978181175
24041,5500.513786119414
24042,6510.1676036241315
24043,4932.3354701791195
24044,5219.279718564343
24045,7926.183663304738
24046,6767.809025531242
24047,5430.374813423198
24048,7006.0997337994
24049,5199.823978181175
24050,7073.1826201772055
24051,4766.307080012322
24052,5222.264248374196
24053,5429.655124043173
24054,4444.995047976449
24055,5214.813424937719
24056,6456.051054815323
24057,5485.799524978139
24058,4956.637827587092
24059,5974.538076651376
24060,6456.051054815323
24061,6457.521778213128
24062,6076.1316471371565
24063,4183.591260672906
24064,7998.057266654997
24065,6512.47191037923
24066,7411.540212030304
24067,6752.2529007184485
24068,5654.925942365281
24069,4998.543799920624
24070,6276.013261289957
24071,5513.18471316771
24072,6758.2968797329495
24073,7043.059836376126
24074,4275.369327641559
24075,7499.272853757407
24076,6140.183779882024
24077,5678.811730172002
24078,5513.18471316771
24079,6606.418769305237
24080,7940.033630957804
24081,7317.516768129055
24082,6569.286429847569
24083,6607.273069310761
24084,7828.820873370305
24085,5345.928837799123
24086,4922.905826132326
24087,7686.06256143814
24088,5785.754002942816
24089,7209.382621852685
24090,6364.96866114291
24091,4164.879209890878
24092,6935.956049889917
24093,6276.045478374612
24094,5442.876485772686
24095,6728.95365103198
24096,7513.166919635655
24097,4290.309568392881
24098,5166.571013525778
24099,8106.929756812402
24100,4345.388981327051
24101,6123.462446713509
24102,6140.183779882024
24103,8090.503738988562
24104,5841.369605879711
24105,7470.609277055039
24106,3837.2863755086114
24107,5628.66111876072
24108,5880.057391260612
24109,7637.408291638212
24110,5517.849670885042
24111,5809.454736830486
24112,7781.573955597824
24113,6453.335619355101
24114,7144.80278563404
24115,6538.230952721237
24116,5480.467541948263
24117,6218.355513960401
24118,7586.582961518987
24119,6886.077070855614
24120,3469.924556094956
24121,4774.096809413186
24122,5735.892821825295
24123,7022.726382685144
24124,6536.240520635802
24125,3833.241584773898
24126,6447.290165112203
24127,7502.700840395735
24128,6434.98057384499
24129,4837.020535198884
24130,4932.3354701791195
24131,7181.376616310988
24132,7603.45376863566
24133,6872.325023470189
24134,6023.102309931114
24135,7470.913174104686
24136,6329.922707067125
24137,8090.503738988562
24138,7319.112314884396
24139,7048.40423987734
24140,7241.028793119053
24141,7363.917840699615
24142,3198.7514351642894
24143,6647.531782581725
24144,3631.254787974167
24145,3851.5557839063686
24146,6102.675098556579
24147,7498.860868468053
24148,5632.030223164563
24149,6767.809025531242
24150,5573.88887058641
24151,3316.4355755717847
24152,6532.397741015363
24153,5765.665230950906
24154,5637.022459508492
24155,6767.809025531242
24156,7763.008317268467
24157,5975.762294142954
24158,7241.028793119053
24159,7462.037010371931
24160,5615.060988174777
24161,6321.475311329566
24162,6123.462446713509
24163,7146.713888502163
24164,6872.549242323764
24165,5860.827281508732
24166,5941.264204995696
24167,5805.315531478407
24168,5095.452013294257
24169,7947.018599474453
24170,5573.88887058641
24171,5880.057391260612
24172,6289.255720371804
24173,8023.071540734241
24174,3146.247659971449
24175,5290.832880099176
24176,7327.628760828507
24177,4520.830232834798
24178,4389.88267875716
24179,4398.523884608122
24180,7047.4809213906055
24181,4571.293925782196
24182,7940.033630957804
24183,6039.087757932587
24184,4815.270973286102
24185,4441.196769493034
24186,4335.480601871636
24187,5944.563481922111
24188,5409.529725144088
24189,7767.176852699093
24190,5573.88887058641
24191,6726.744948594568
24192,5375.643316450503
24193,4207.995741956318
24194,6070.435187517358
24195,6094.210920113176
24196,7553.906906342587
24197,6630.715162348941
24198,7317.516768129055
24199,5005.221476776047
24200,5939.962339729924
24201,5392.337809979808
24202,5199.797820636814
24203,6135.709983212051
24204,5762.1623566431235
24205,5217.836025157801
24206,4475.664656114844
24207,6808.098829637224
24208,3469.924556094956
24209,5768.904435942516
24210,5479.671886237162
24211,5439.27483461303
24212,3951.536691814876
24213,7553.906906342587
24214,4371.540624774538
24215,5941.264204995696
24216,7534.548467582895
24217,5362.404965800427
24218,5295.047639352887
24219,8284.350971042772
24220,5140.564053499829
24221,6703.085505239327
24222,6457.504170648396
24223,5914.112436008838
24224,4805.379979318026
24225,4813.030831034911
24226,6146.558368684017
24227,8241.343161723877
24228,4801.69186073914
24229,5448.575340655794
24230,5674.907086134943
24231,5337.907164423943
24232,6819.043802912473
24233,3558.571982191833
24234,5427.978677666096
24235,5964.10551523513
24236,5673.42203874529
24237,4171.048504005714
24238,4392.412156126086
24239,5573.88887058641
24240,6709.183528373681
24241,5739.0829001250395
24242,6218.355513960401
24243,6539.71136821098
24244,6511.345581429953
24245,7562.361551320761
24246,5276.9219997897435
24247,6290.372785521259
24248,3789.9276734940963
24249,6692.428185638694
24250,3969.537428707128
24251,7781.573955597824
24252,7637.086073203643
24253,7368.655037020358
24254,5579.409603537663
24255,6321.475311329566
24256,5429.703758992239
24257,7309.1090132061445
24258,7043.059836376126
24259,5805.315531478407
24260,6175.950565450142
24261,7582.551082998409
24262,6140.183779882024
24263,5582.378698968703
24264,6834.468315144573
24265,5790.55545894349
24266,5373.427206145768
24267,5805.315531478407
24268,7672.516681186773
24269,3969.537428707128
24270,5696.76061199299
24271,3746.556069680127
24272,5910.480328521001
24273,4956.637827587092
24274,7341.981654463361
24275,7371.156738852489
24276,6146.558368684017
24277,5517.849670885042
24278,7755.564187879121
24279,3271.8691795208115
24280,7072.913272024841
24281,6564.293289331397
24282,6819.043802912473
24283,5729.1923661744195
24284,4837.020535198884
24285,8141.372945255577
24286,4922.905826132326
24287,3926.4682308517404
24288,7148.534843811399
24289,5739.0829001250395
24290,7047.4809213906055
24291,7462.037010371931
24292,5939.962339729924
24293,6703.085505239327
24294,7864.622826479872
24295,7470.913174104686
24296,4275.369327641559
24297,7411.540212030304
24298,5851.602805247728
24299,4993.505292165596
24300,6607.10184764076
24301,3201.7559678021826
24302,5002.291276614124
24303,5698.729550159317
24304,5350.196435609698
24305,5429.703758992239
24306,4171.048504005714
24307,6385.691638581212
24308,5268.8944096383075
24309,5706.215731489294
24310,4748.878763463195
24311,4260.449629049087
24312,7875.418214768266
24313,6456.051054815323
24314,7317.516768129055
24315,6820.894278652307
24316,5975.762294142954
24317,4461.155911738117
24318,7207.920543610537
24319,3371.120023862506
24320,7828.820873370305
24321,5442.876485772686
24322,5941.551684180932
24323,5001.503536375815
24324,8196.451517468187
24325,6767.809025531242
24326,6126.512536942309
24327,6510.1676036241315
24328,8073.455507897552
24329,8026.901804707315
24330,5644.989898411768
24331,5492.1544123428375
24332,5671.869638454873
24333,7637.408291638212
24334,7755.564187879121
24335,6417.088639012634
24336,6555.885946837932
24337,6538.230952721237
24338,4577.6105365219455
24339,6126.763531984409
24340,6117.821839558048
24341,6552.276982986979
24342,6727.365163165201
24343,5490.354935090039
24344,5706.215731489294
24345,3789.9276734940963
24346,6563.794170390632
24347,6538.230952721237
24348,6327.811211077163
24349,7896.647021057137
24350,7046.907644463248
24351,6888.0041950213745
24352,6453.126295549528
24353,7303.429494918897
24354,7586.582961518987
24355,7209.382621852685
24356,4441.196769493034
24357,4441.196769493034
24358,5735.892821825295
24359,4453.66903245062
24360,4815.270973286102
24361,7920.261858581728
24362,6418.151564866211
24363,8023.071540734241
24364,7348.210417731509
24365,8005.899311144582
24366,7580.431322556895
24367,5439.27483461303
24368,6384.769097365353
24369,3951.536691814876
24370,7529.674709528131
24371,5941.264204995696
24372,4357.2848741364505
24373,5809.454736830486
24374,8067.171510809233
24375,3068.2457992360464
24376,6521.487998732246
24377,4290.9870313428955
24378,6538.546730911411
24379,4801.69186073914
24380,6280.336790878224
24381,6181.306152134359
24382,7046.907644463248
24383,7904.64532871804
24384,6123.462446713509
24385,7350.126406302276
24386,8106.929756812402
24387,6935.956049889917
24388,4104.903593222582
24389,7763.008317268467
24390,5790.55545894349
24391,6321.475311329566
24392,5183.39599338614
24393,5373.427206145768
24394,7529.674709528131
24395,5974.761819624823
24396,8050.808848493081
24397,5673.42203874529
24398,4148.203656390662
24399,6070.435187517358
24400,5407.933845272657
24401,5739.0829001250395
24402,5869.225312614361
24403,5416.511552851894
24404,5645.3167646089205
24405,5097.396078792569
24406,3947.7670232447463
24407,5642.415672448151
24408,5778.916097248345
24409,5931.262108880436
24410,6105.751727033842
24411,6105.751727033842
24412,7685.86351664333
24413,5271.273572337516
24414,7756.294187995249
24415,6727.365163165201
24416,4520.830232834798
24417,6921.1928206834855
24418,5894.806550277932
24419,3631.254787974167
24420,5442.876485772686
24421,4801.69186073914
24422,8305.162620811565
24423,4398.523884608122
24424,7104.274026253192
24425,4275.369327641559
24426,5974.761819624823
24427,5214.813424937719
24428,4028.0915121201688
24429,6935.956049889917
24430,4380.38016160012
24431,6921.1928206834855
24432,7989.273550568412
24433,6215.225682084842
24434,4852.430739301806
24435,6784.787762260913
24436,5429.703758992239
24437,5483.201251205394
24438,6539.71136821098
24439,3926.4682308517404
24440,4795.599817831726
24441,5735.892821825295
24442,5696.76061199299
24443,3789.9276734940963
24444,5729.1923661744195
24445,7637.086073203643
24446,6807.621902573088
24447,5915.69516572607
24448,5529.233754616933
24449,7756.294187995249
24450,5509.338412034324
24451,6426.212022471812
24452,4461.155911738117
24453,5975.762294142954
24454,3469.924556094956
24455,6123.462446713509
24456,6432.584200147823
24457,6417.088639012634
24458,4164.526979282911
24459,6374.252765183935
24460,4164.526979282911
24461,4380.38016160012
24462,3068.2457992360464
24463,7999.908821056453
24464,5427.815704584976
24465,3198.7514351642894
24466,5645.3167646089205
24467,5458.100604882945
24468,6752.2529007184485
24469,7580.4896337352275
24470,7219.5313366353375
24471,4415.684788250737
24472,7602.7102852492435
24473,5880.057391260612
24474,6190.138836286101
24475,7250.90425753229
24476,6102.675098556579
24477,7637.086073203643
24478,6135.454673523457
24479,6896.5876766128295
24480,5403.905107560924
24481,6039.9944999282
24482,3631.254787974167
24483,7781.573955597824
24484,5350.196435609698
24485,5219.279718564343
24486,6350.7935563238225
24487,7470.913174104686
24488,3617.672423579664
24489,7303.429494918897
24490,3148.584548652634
24491,5841.369605879711
24492,6663.840051799262
24493,6818.046167812439
24494,5199.823978181175
24495,6457.521778213128
24496,6538.230952721237
24497,4852.430739301806
24498,7882.661332391605
24499,8227.463039133376
24500,5939.962339729924
24501,7179.513958039881
24502,7470.609277055039
24503,5485.799524978139
24504,6218.355513960401
24505,6426.212022471812
24506,7193.959727613022
24507,6510.1676036241315
24508,7074.554979152584
24509,4183.591260672906
24510,3271.8691795208115
24511,5232.0805767502125
24512,5166.571013525778
24513,5218.955628334603
24514,5407.933845272657
24515,3371.120023862506
24516,7179.981066110711
24517,4577.6105365219455
24518,6385.691638581212
24519,4900.590062043423
24520,6065.265432023068
24521,4812.0984549630775
24522,6536.240520635802
24523,7024.463947933309
24524,6039.087757932587
24525,7489.267553382619
24526,5460.301312534209
24527,5831.894578731391
24528,6140.183779882024
24529,5214.813424937719
24530,7209.825872466441
24531,7371.156738852489
24532,6513.6835329100895
24533,7375.733611158156
24534,6321.559240721448
24535,7470.609277055039
24536,6818.046167812439
24537,5392.337809979808
24538,5121.0056181850705
24539,6767.809025531242
24540,7565.679213082782
24541,6811.822750264395
24542,4525.604420904145
24543,7506.721155029206
24544,4151.451078245814
24545,6215.225682084842
24546,6032.947476642878
24547,5427.815704584976
24548,6555.885946837932
24549,7637.39593461756
24550,7073.055512595056
24551,7998.057266654997
24552,7672.516681186773
24553,6539.71136821098
24554,4433.034759068149
24555,5818.456564642338
24556,5505.551151762136
24557,4151.451078245814
24558,6126.512536942309
24559,5706.215731489294
24560,5894.806550277932
24561,4805.379979318026
24562,6940.77439963513
24563,5997.821082962814
24564,7303.429494918897
24565,1768.3700455148228
24566,6710.226800377976
24567,8196.451517468187
24568,7104.274026253192
24569,3469.924556094956
24570,5501.918949098273
24571,7263.633400582893
24572,7470.609277055039
24573,5964.10551523513
24574,8106.929756812402
24575,6384.549875253123
24576,4170.404273351296
24577,6886.077070855614
24578,5529.233754616933
24579,6670.504483324459
24580,5931.262108880436
24581,7305.229099073063
24582,7341.981654463361
24583,5729.1923661744195
24584,5831.894578731391
24585,8026.901804707315
24586,4196.989491183272
24587,6343.097384956094
24588,4104.903593222582
24589,6510.1676036241315
24590,7047.399545888742
24591,7416.558748682633
24592,6343.097384956094
24593,5706.215731489294
24594,6724.64017837708
24595,6513.6835329100895
24596,5643.267275799618
24597,5121.0056181850705
24598,7073.1826201772055
24599,6510.1676036241315
24600,3680.329117162952
24601,4993.875812433144
24602,4398.599454372426
24603,5005.221476776047
24604,5121.0056181850705
24605,5427.815704584976
24606,7753.452739477172
24607,6607.10184764076
24608,3617.672423579664
24609,6903.055759997274
24610,4580.737608292761
24611,5350.196435609698
24612,5084.814442718932
24613,6065.265432023068
24614,6373.161841716169
24615,5644.989898411768
24616,5085.870991778794
24617,6693.922909257614
24618,7999.908821056453
24619,4815.270973286102
24620,4455.410341289124
24621,6825.467708758383
24622,7310.786728596896
24623,5262.468727173255
24624,3324.112886223779
24625,4930.707547712413
24626,6539.71136821098
24627,6607.273069310761
24628,6513.6835329100895
24629,4148.203656390662
24630,6384.769097365353
24631,6886.077070855614
24632,3371.120023862506
24633,6500.7925588906755
24634,6674.324785540192
24635,4441.196769493034
24636,4275.369327641559
24637,6364.96866114291
24638,7380.032379117104
24639,6472.571550707213
24640,7380.032379117104
24641,6514.072279386533
24642,7246.273055578693
24643,6870.691200089897
24644,4343.787787460858
24645,5876.6649528678345
24646,5501.918949098273
24647,7636.679306733022
24648,6836.142128318276
24649,7317.516768129055
24650,5154.832890841433
24651,7715.29763844872
24652,6482.036013316693
24653,5448.249140690821
24654,7761.975022884185
24655,6744.947712463766
24656,7303.429494918897
24657,5199.797820636814
24658,7777.715884362611
24659,4801.69186073914
24660,4993.505292165596
24661,5373.427206145768
24662,4441.196769493034
24663,4077.154562949924
24664,5777.975012570171
24665,5429.703758992239
24666,5725.9951972607705
24667,5404.059387898375
24668,5528.435909857243
24669,7411.540212030304
24670,7094.665451278324
24671,5085.870991778794
24672,5568.871539497071
24673,6821.814345291502
24674,3680.329117162952
24675,7317.516768129055
24676,5640.235253153006
24677,7792.6760327659495
24678,5130.302904105636
24679,4528.628068060507
24680,5825.595670732399
24681,5373.427206145768
24682,5692.940040111851
24683,5350.2237035410235
24684,7565.679213082782
24685,7291.5906918621695
24686,5183.39599338614
24687,4290.9870313428955
24688,6148.383035858249
24689,6606.418769305237
24690,3146.247659971449
24691,4459.675797639122
24692,7303.429494918897
24693,6878.881620558416
24694,5304.93376348099
24695,6934.217247353422
24696,7087.107983105196
24697,5698.729550159317
24698,5429.655124043173
24699,7241.028793119053
24700,7506.721155029206
24701,4837.265550014046
24702,5762.298061792916
24703,4813.030831034911
24704,7599.595062893611
24705,5973.609190367147
24706,5280.096151967876
24707,7864.622826479872
24708,6102.675098556579
24709,4290.9870313428955
24710,7046.907644463248
24711,5219.279718564343
24712,7046.907644463248
24713,4548.015947937443
24714,5880.933645202703
24715,6126.512536942309
24716,7502.700840395735
24717,6807.621902573088
24718,4871.99831151502
24719,7562.361551320761
24720,5203.400851848839
24721,4317.412607254646
24722,5501.918949098273
24723,5457.315085418566
24724,5738.020529464946
24725,7671.233866988786
24726,7327.628760828507
24727,5121.0056181850705
24728,7146.713888502163
24729,5473.927426175132
24730,4729.167126472608
24731,3501.9471326797857
24732,5836.543991031214
24733,6447.290165112203
24734,7565.679213082782
24735,7310.786728596896
24736,4723.536274859769
24737,6150.082657597553
24738,5404.059387898375
24739,4433.034759068149
24740,4728.868828945799
24741,4028.0915121201688
24742,7753.452739477172
24743,4275.825363568081
24744,6539.71136821098
24745,6538.230952721237
24746,4194.786483444723
24747,2221.806889268895
24748,5154.832890841433
24749,5931.758578755155
24750,5677.11076010567
24751,7181.376616310988
24752,5214.813424937719
24753,4275.369327641559
24754,3146.247659971449
24755,6820.894278652307
24756,4186.740968475137
24757,5585.052907347182
24758,6039.116612131005
24759,5627.016603940221
24760,7828.820873370305
24761,5931.758578755155
24762,5222.264248374196
24763,5841.369605879711
24764,7188.382222162515
24765,6608.849216019558
24766,5894.806550277932
24767,7025.695398802829
24768,6846.147333517038
24769,4514.040248269202
24770,6538.230952721237
24771,4822.094031520584
24772,5617.41032905264
24773,5442.876485772686
24774,6651.854360409737
24775,5429.655124043173
24776,6036.493069123471
24777,6538.715826983507
24778,7110.523046152114
24779,6692.337673238377
24780,4479.166562799699
24781,7263.633400582893
24782,5833.478640912981
24783,7148.534843811399
24784,5407.933845272657
24785,6485.327929963798
24786,4303.863792409157
24787,5841.369605879711
24788,5166.571013525778
24789,5436.930220811104
24790,6513.6835329100895
24791,7317.535057788634
24792,7502.700840395735
24793,7305.229099073063
24794,6095.5747449715955
24795,5189.0094277863
24796,6299.217477714893
24797,5722.92835605147
24798,6921.1928206834855
24799,6334.600941840024
24800,5199.797820636814
24801,5582.378698968703
24802,6903.055759997274
24803,4433.034759068149
24804,5653.477712234853
24805,6692.428185638694
24806,6692.428185638694
24807,7744.900332858067
24808,6233.047773577099
24809,7562.361551320761
24810,7291.5906918621695
24811,6607.273069310761
24812,4186.740968475137
24813,5509.338412034324
24814,4320.462364367358
24815,5653.373653113562
24816,6599.686413823124
24817,4365.47037717698
24818,5967.323829089128
24819,7792.6760327659495
24820,7305.229099073063
24821,4868.6661354090975
24822,4871.99831151502
24823,7181.376616310988
24824,6106.908226783225
24825,5617.029783577065
24826,8016.485708743494
24827,5644.989898411768
24828,7327.628760828507
24829,7998.057266654997
24830,4398.599454372426
24831,7565.679213082782
24832,4395.841824207534
24833,4170.404273351296
24834,6513.6835329100895
24835,6617.562787375298
24836,5410.956255140687
24837,6153.362915181526
24838,6693.922909257614
24839,5517.849670885042
24840,5894.806550277932
24841,3666.8307614736864
24842,7781.573955597824
24843,6076.1316471371565
24844,4926.078360318023
24845,7462.037010371931
24846,8141.372945255577
24847,7047.4809213906055
24848,5383.645986345911
24849,6327.811211077163
24850,6463.0337866953705
24851,5457.315085418566
24852,7181.376616310988
24853,5409.529725144088
24854,2575.591578969453
24855,6883.115351566557
24856,7137.75715826376
24857,4932.3354701791195
24858,7263.633400582893
24859,8241.343161723877
24860,5280.096151967876
24861,4281.182774459456
24862,7713.542893927939
24863,5199.823978181175
24864,5673.42203874529
24865,5738.020529464946
24866,4479.166562799699
24867,6846.278708157668
24868,6513.6835329100895
24869,6065.265432023068
24870,6692.372111096963
24871,3558.571982191833
24872,6126.763531984409
24873,6538.546730911411
24874,5931.758578755155
24875,4729.167126472608
24876,4290.9870313428955
24877,4170.404273351296
24878,6322.266620668832
24879,8196.451517468187
24880,8141.372945255577
24881,6688.469069189667
24882,5232.0805767502125
24883,5479.671886237162
24884,7006.0997337994
24885,6432.584200147823
24886,6637.98902182854
24887,6818.046167812439
24888,6463.0337866953705
24889,7305.229099073063
24890,5876.6649528678345
24891,3837.2863755086114
24892,4759.79120240037
24893,5869.225312614361
24894,4275.369327641559
24895,4040.6841410247603
24896,3846.544369593287
24897,5831.894578731391
24898,7027.341214362343
24899,3198.7514351642894
24900,5840.121816459135
24901,7368.655037020358
24902,6934.217247353422
24903,4871.99831151502
24904,4290.9870313428955
24905,7246.273055578693
24906,7046.907644463248
24907,5909.008938891016
24908,6453.335619355101
24909,5860.827281508732
24910,6538.230952721237
24911,6126.512536942309
24912,4365.47037717698
24913,5164.7951399273215
24914,5304.93376348099
24915,4759.79120240037
24916,5997.919907402699
24917,5500.513786119414
24918,5939.962339729924
24919,6463.0337866953705
24920,4178.686459371135
24921,7637.086073203643
24922,6290.372785521259
24923,7947.018599474453
24924,6175.950565450142
24925,4275.825363568081
24926,6153.362915181526
24927,6762.142007028686
24928,6463.0337866953705
24929,7926.183663304738
24930,5805.315531478407
24931,7179.513958039881
24932,4666.747643270385
24933,7241.028793119053
24934,5883.787165213356
24935,6276.045478374612
24936,7303.429494918897
24937,6762.142007028686
24938,6607.10184764076
24939,6663.840051799262
24940,6878.881620558416
24941,7073.1826201772055
24942,6836.142128318276
24943,5678.811730172002
24944,5951.681649286547
24945,4815.270973286102
24946,3951.536691814876
24947,4871.99831151502
24948,5759.963378022991
24949,7998.057266654997
24950,7634.662019145705
24951,5941.264204995696
24952,5671.3567189904
24953,3198.7514351642894
24954,5304.93376348099
24955,7380.032379117104
24956,5088.662028728661
24957,4538.372490949205
24958,5998.194981979271
24959,3385.970291544323
24960,5814.633676811243
24961,5812.259955008163
24962,6076.1316471371565
24963,7989.273550568412
24964,7368.655037020358
24965,5792.101641066902
24966,4164.526979282911
24967,6555.885946837932
24968,6495.908220434402
24969,5505.551151762136
24970,6940.77439963513
24971,6903.055759997274
24972,7380.032379117104
24973,6093.102515982048
24974,6727.365163165201
24975,7027.341214362343
24976,6177.688558990422
24977,4748.878763463195
24978,5500.513786119414
24979,3666.8307614736864
24980,6182.567107571806
24981,5643.267275799618
24982,6921.1928206834855
24983,4548.197829322309
24984,4666.747643270385
24985,6606.418769305237
24986,3562.598879833738
24987,5304.93376348099
24988,4441.196769493034
24989,6513.6835329100895
24990,8261.39318121071
24991,3385.970291544323
24992,7580.431322556895
24993,5152.798217766778
24994,6186.0199668781515
24995,5480.467541948263
24996,4453.66903245062
24997,6564.019610669869
24998,7207.920543610537
24999,6181.318112588238
25000,6372.4591729820495
25001,4805.379979318026
25002,6039.9944999282
25003,7864.622826479872
25004,6426.212022471812
25005,7998.057266654997
25006,4822.094031520584
25007,6155.160996519281
25008,6564.293289331397
25009,6327.811211077163
25010,3365.194142433067
25011,5673.42203874529
25012,4930.707547712413
25013,6218.355513960401
25014,5350.2237035410235
25015,5480.467541948263
25016,6472.571550707213
25017,7041.470714002511
25018,6127.230465565862
25019,7317.516768129055
25020,4290.309568392881
25021,5894.868985750707
25022,5777.8549004259
25023,7602.7102852492435
25024,5678.811730172002
25025,5463.103611980435
25026,5974.538076651376
25027,4538.372490949205
25028,6385.691638581212
25029,6137.537965684508
25030,5410.956239278015
25031,5219.279718564343
25032,6100.970083509158
25033,3846.544369593287
25034,6290.372785521259
25035,7046.907644463248
25036,7637.086073203643
25037,5981.032571382917
25038,6276.045478374612
25039,5407.933845272657
25040,5967.323829089128
25041,7219.5313366353375
25042,7263.633400582893
25043,5831.894578731391
25044,7322.574549029259
25045,6825.467708758383
25046,5457.315085418566
25047,6140.183779882024
25048,5600.215796547657
25049,5250.903015859231
25050,6267.260239471619
25051,7750.76699893693
25052,5448.249140690821
25053,5678.811730172002
25054,2497.756419042838
25055,7052.080144199609
25056,5941.264204995696
25057,7470.609277055039
25058,7580.431322556895
25059,5941.264204995696
25060,6717.655701603231
25061,6934.217247353422
25062,6415.298028992886
25063,6913.123242042102
25064,7181.376616310988
25065,5337.0901892831125
25066,7210.0268207817635
25067,6617.562787375298
25068,7046.907644463248
25069,5953.527778654547
25070,4801.69186073914
25071,5994.793850842822
25072,5427.815704584976
25073,7146.713888502163
25074,7132.388262798634
25075,7703.15964955561
25076,6076.1316471371565
25077,4798.453258529025
25078,7341.981654463361
25079,7599.595062893611
25080,5218.955628334603
25081,7529.674709528131
25082,7322.574549029259
25083,5568.871539497071
25084,7553.847421326605
25085,4320.462364367358
25086,5701.012632660712
25087,5640.235253153006
25088,5005.221476776047
25089,6531.39533125138
25090,5673.42203874529
25091,4979.208155819057
25092,3837.2863755086114
25093,7291.5906918621695
25094,7733.661170487777
25095,6819.043802912473
25096,5894.806550277932
25097,5840.121816459135
25098,5199.823978181175
25099,5393.743924718922
25100,6758.2968797329495
25101,5276.9219997897435
25102,6654.236410115055
25103,6825.467708758383
25104,5577.538553913635
25105,5375.643316450503
25106,5368.497421137285
25107,5876.6649528678345
25108,5199.797820636814
25109,4290.9870313428955
25110,5480.467541948263
25111,5368.497421137285
25112,7637.086073203643
25113,5287.187051400985
25114,6692.337673238377
25115,6406.511774878953
25116,7499.272853757407
25117,6977.797492878112
25118,7637.086073203643
25119,5975.762294142954
25120,8141.372945255577
25121,6343.097384956094
25122,4290.598776609249
25123,6752.2529007184485
25124,7241.028793119053
25125,5085.870991778794
25126,4479.166562799699
25127,5860.827281508732
25128,5287.187051400985
25129,6846.147333517038
25130,7303.301467301833
25131,6426.212022471812
25132,4813.030831034911
25133,4343.787787460858
25134,5880.8480026423595
25135,6807.621902573088
25136,5880.933645202703
25137,7148.534843811399
25138,6137.537965684508
25139,5368.497421137285
25140,6482.036013316693
25141,5974.538076651376
25142,5738.020481876933
25143,7634.662019145705
25144,5851.602805247728
25145,6321.475311329566
25146,5199.823978181175
25147,4207.995741956318
25148,7775.057665556427
25149,6094.210920113176
25150,7317.516768129055
25151,4979.208155819057
25152,7379.339069358833
25153,7046.907644463248
25154,4183.591260672906
25155,4072.8770985580322
25156,8284.350971042772
25157,5533.0126235362
25158,5674.907086134943
25159,7580.431322556895
25160,4475.664656114844
25161,4320.462364367358
25162,6728.707272027118
25163,7046.907644463248
25164,5528.435909857243
25165,3469.924556094956
25166,6181.306152134359
25167,4998.543799920624
25168,5485.799524978139
25169,6276.013530955362
25170,5001.503472925132
25171,7466.935165214582
25172,6727.365163165201
25173,4345.762753442139
25174,5673.42203874529
25175,7637.086073203643
25176,4455.410341289124
25177,4877.870148824604
25178,6878.881620558416
25179,5156.025573343204
25180,5812.259955008163
25181,6934.217247353422
25182,8085.4529376635655
25183,4823.822158479547
25184,5736.24227646585
25185,6457.521778213128
25186,6538.230952721237
25187,4998.543799920624
25188,6728.707272027118
25189,7777.715884362611
25190,4813.030831034911
25191,4922.905826132326
25192,4415.684788250737
25193,7322.574549029259
25194,4146.44118674914
25195,5674.907086134943
25196,5789.889131588467
25197,4877.870148824604
25198,7309.1090132061445
25199,7022.726382685144
25200,6506.127666866723
25201,3457.885058525642
25202,7029.778386849137
25203,7636.589254350161
25204,5833.478640912981
25205,5513.18471316771
25206,5517.849670885042
25207,6539.71136821098
25208,5585.052907347182
25209,3846.544369593287
25210,6324.159640092096
25211,5199.823978181175
25212,5804.78392578758
25213,6315.030355719334
25214,6521.487998732246
25215,4958.547534540174
25216,6364.142041498156
25217,7100.750800138608
25218,8261.39318121071
25219,7456.750188366188
25220,5833.478640912981
25221,7999.908821056453
25222,7341.981654463361
25223,6816.20500346044
25224,7882.661332391605
25225,7209.382621852685
25226,5678.811730172002
25227,7411.540212030304
25228,7209.382621852685
25229,6175.950565450142
25230,6321.559240721448
25231,5005.221476776047
25232,6321.475311329566
25233,5941.264204995696
25234,5409.529725144088
25235,6415.298028992886
25236,7580.4896337352275
25237,5304.93376348099
25238,5088.662028728661
25239,4441.196769493034
25240,6039.087757932587
25241,5805.315531478407
25242,4368.368043000828
25243,8141.372945255577
25244,4171.048504005714
25245,6364.96866114291
25246,7698.497594707056
25247,4801.69186073914
25248,6245.090411955257
25249,6834.468315144573
25250,3629.3808672067016
25251,4932.3354701791195
25252,5095.452013294257
25253,6417.088639012634
25254,7159.675261055157
25255,6426.212022471812
25256,7502.902661157958
25257,6693.922909257614
25258,6372.4591729820495
25259,5337.907164423943
25260,7193.959727613022
25261,7702.987127146591
25262,6101.86499195226
25263,5955.301685281808
25264,5362.404965800427
25265,7718.209628264416
25266,5077.457843547769
25267,7303.301499027176
25268,5722.92835605147
25269,3951.536691814876
25270,6146.558368684017
25271,7637.408291638212
25272,6818.046167812439
25273,6876.371162531932
25274,6617.562787375298
25275,6372.4591729820495
25276,4514.040248269202
25277,5199.823978181175
25278,5692.940040111851
25279,6434.98057384499
25280,6076.1316471371565
25281,4857.895746690088
25282,6095.5747449715955
25283,4877.870148824604
25284,4275.369327641559
25285,5762.298061792916
25286,7526.469196849574
25287,7489.267553382619
25288,5485.799524978139
25289,4398.523884608122
25290,5883.787165213356
25291,3629.3808672067016
25292,5941.551684180932
25293,6126.512536942309
25294,6846.278708157668
25295,5941.264204995696
25296,5218.955628334603
25297,7529.674709528131
25298,7580.431322556895
25299,5729.1923661744195
25300,7379.339069358833
25301,5880.8480026423595
25302,4514.040248269202
25303,5156.025573343204
25304,6536.240520635802
25305,7179.513958039881
25306,7998.057266654997
25307,4432.276602711121
25308,7241.028793119053
25309,6164.139347578159
25310,5409.529725144088
25311,6758.2968797329495
25312,7094.665451278324
25313,7025.695398802829
25314,7499.272853757407
25315,7219.5313366353375
25316,5363.665112241657
25317,6152.484725993582
25318,6186.0199668781515
25319,5668.9192768382
25320,3631.254787974167
25321,8005.899311144582
25322,4357.2848741364505
25323,7470.913174104686
25324,5219.279718564343
25325,6538.230952721237
25326,5448.249140690821
25327,4481.780397852624
25328,5778.916097248345
25329,7586.582961518987
25330,3361.120830616026
25331,6606.418769305237
25332,7047.399545888742
25333,5479.671886237162
25334,7580.4896337352275
25335,6039.9944999282
25336,5533.0126235362
25337,7774.846485818358
25338,7489.267553382619
25339,5485.799524978139
25340,4538.372490949205
25341,5941.264204995696
25342,4365.47037717698
25343,6218.355513960401
25344,6811.822750264395
25345,7781.573955597824
25346,5005.221476776047
25347,4766.307080012322
25348,7309.1090132061445
25349,7132.388262798634
25350,5860.827281508732
25351,5673.42203874529
25352,5785.754002942816
25353,4774.096809413186
25354,4432.276602711121
25355,4290.9870313428955
25356,7380.032379117104
25357,5975.762294142954
25358,3629.3808672067016
25359,6182.567107571806
25360,7348.210417731509
25361,7148.534843811399
25362,6100.970083509158
25363,6437.407324556983
25364,3789.9276734940963
25365,4837.265550014046
25366,4151.451078245814
25367,5573.88887058641
25368,5427.815704584976
25369,7565.679213082782
25370,4251.021983698831
25371,5304.93376348099
25372,6084.040536922035
25373,4072.8770985580322
25374,4569.858401651181
25375,7310.786728596896
25376,5998.194981979271
25377,4089.899584534125
25378,5998.194981979271
25379,7637.408291638212
25380,6032.947476642878
25381,4877.870148824604
25382,6647.531782581725
25383,8079.532624031623
25384,6513.6835329100895
25385,7672.516681186773
25386,6093.102515982048
25387,5953.527778654547
25388,4164.879209890878
25389,7745.031374382606
25390,5729.1923661744195
25391,5591.60222346945
25392,2497.756419042838
25393,7516.900722706813
25394,7137.75715826376
25395,6267.260239471619
25396,6152.484725993582
25397,4038.5666013571745
25398,6538.230952721237
25399,6102.675098556579
25400,5373.427206145768
25401,7094.665451278324
25402,7602.7102852492435
25403,6500.7925588906755
25404,7148.534843811399
25405,7043.059836376126
25406,4251.021983698831
25407,6511.345581429953
25408,5617.029783577065
25409,4993.875812433144
25410,6744.947712463766
25411,6801.750493555618
25412,6888.0041950213745
25413,5729.1923661744195
25414,4993.875812433144
25415,7779.10961035573
25416,5199.823978181175
25417,4216.086243460657
25418,5616.203084618956
25419,7513.166919635655
25420,6807.621902573088
25421,7771.430031341792
25422,5460.009661466516
25423,6153.362915181526
25424,7637.408291638212
25425,5383.645986345911
25426,5393.743924718922
25427,7029.778386849137
25428,7380.032379117104
25429,6692.337673238377
25430,7491.779597676195
25431,5617.41032905264
25432,6415.298028992886
25433,5130.349825886243
25434,4729.167126472608
25435,6514.072279386533
25436,4398.599454372426
25437,7317.516768129055
25438,7246.273055578693
25439,7327.628760828507
25440,5998.194981979271
25441,7781.573955597824
25442,7516.900722706813
25443,5701.012632660712
25444,6456.051054815323
25445,7209.382621852685
25446,6126.177691821679
25447,4275.369327641559
25448,6710.226800377976
25449,8261.39318121071
25450,8196.451517468187
25451,3685.5095640974478
25452,5628.66111876072
25453,5973.609190367147
25454,7516.900722706813
25455,5673.42203874529
25456,6094.210920113176
25457,7502.902661157958
25458,3746.556069680127
25459,7148.534843811399
25460,4275.369327641559
25461,5183.39599338614
25462,6233.047773577099
25463,6935.956049889917
25464,5706.215731489294
25465,5440.37113552624
25466,6510.1676036241315
25467,7940.033630957804
25468,5692.940040111851
25469,6299.217477714893
25470,6280.336790878224
25471,5974.538076651376
25472,5914.112436008838
25473,4679.461589882237
25474,5430.374813423198
25475,7179.981066110711
25476,7029.778386849137
25477,4823.822158479547
25478,5585.052907347182
25479,5722.92835605147
25480,7087.107983105196
25481,4525.604420904145
25482,7258.791780299429
